Property Name,Price,Beds,Baths,Sqft,Home Type,URL of Property,Combined List of Amenities and List of Features
"VILLA FOR SALE IN MIRA 1, MIRA","2,900,000 AED",3,4,"2,385 sqft / 222 sqm",Villa,https://www.propertyfinder.ae/en/buy/dubai/villas-for-sale-reem-mira-mira-1.html,"['Single row', 'Close to amenities', 'Type2M', 'Maids’ Room', '2 Covered Parking Space', 'Rented no notice served', 'Central A/C', 'Balcony', 'Private Garden', 'Private Pool', 'Private Gym', 'Private Jacuzzi', 'Security', 'Concierge', 'Covered Parking', 'Built in Wardrobes', 'Walk-in Closet', 'Pets Allowed']"
"VILLA FOR SALE IN ALVORADA 4, ALVORADA","10,650,000 AED",4,4,"4,200 sqft / 390 sqm",Villa,https://www.propertyfinder.ae/to/11710322/en,"['Amenities: Maids Room, Central A/C, Balcony, Private Garden, Shared Pool, Security, Covered Parking, Built in Wardrobes, Walk-in Closet', 'Features: Turnkey, 4 Bedroom, Fully renovated, Large Plot, Facing Community Pool, 7,767 sq.ft Plot', 'Additional Information: Elif Dulger usually responds within 5 minutes']"
"VILLA FOR SALE IN AL MAHRA, ARABIAN RANCHES","12,400,000 AED",6,5,"5,383 sqft / 500 sqm",Villa,https://www.propertyfinder.ae/to/11690462/en,"{'Amenities': ['Maids Room', 'Balcony', 'Private Garden', 'Private Pool', 'Security', 'Covered Parking'], 'Features': ['6 bedrooms plus maids', 'Landscaped garden with private pool', 'Upgraded flooring throughout downstairs', 'New kitchen with integrated appliances', 'Bright modern villa in great location', 'Opposite Pool & Park', 'Vacant on Transfer', 'BUA: 5,383 sq.ft', 'PLOT: 11,495 sq.ft']}"
"VILLA FOR SALE IN CASA DORA, SERENA","2,550,000 AED",3,4,"2,332 sqft / 217 sqm",Villa,https://www.propertyfinder.ae/to/11680969/en,"[""Amenities: Shared Pool, Security, Pets Allowed, Shared Gym, Children's Pool, Children's Play Area, Barbecue Area"", 'Features: Near the Park, Type C, Single Row', ""Community Amenities: Swimming pools, Retail center, Parks, Jogging track, Tennis court, Basketball court, Children's playing area""]"
VILLA FOR SALE IN THE CENTRO,"6,299,000 AED",5 Bedrooms,5 Bathrooms,"4,478 sqft / 416 sqm",Villa,https://www.propertyfinder.ae/en/buy/dubai/villas-for-sale-the-villa-the-centro.html,"['Custom Type', 'with Pool', 'Prime Location', 'Maids Room', 'Central A/C', 'Balcony', 'Private Garden', 'Private Pool', 'Security', 'Covered Parking', 'Built in Wardrobes', 'Pets Allowed', ""Children's Play Area"", 'Barbecue Area']"
"VILLA FOR SALE IN GARDEN HALL, MEDITERRANEAN CLUSTERS","29,000,000 AED",5,5,"6,267 sqft / 582 sqm",Villa,https://www.propertyfinder.ae/to/11722627/en,"['Fully Upgraded', 'Miami Style', 'Extended']"
"VILLA FOR SALE IN SIDRA VILLAS III, SIDRA VILLAS","7,250,000 AED",3,3,"3,102 sqft / 288 sqm",Villa,https://www.propertyfinder.ae/en/buy/dubai/villas-for-sale-dubai-hills-estate-sidra-villas-sidra-villas-iii.html,"['Maids Room', 'Study', 'Central A/C', 'Balcony', 'Private Garden', 'Shared Pool', 'Covered Parking', 'Built in Wardrobes', 'Walk-in Closet', 'View of Landmark', 'Pets Allowed', 'Rented unit until September 2024', 'Standalone Villa - Corner', 'Unit Type: 3 Bedrooms - Extended + Elevator', 'View: Community', 'Kitchen: Open and Fully Fitted', 'Bathrooms: 3', 'No. of Parking: 2', 'Bua 3102 sqft', 'Plot Area: 4793 sq.ft', 'Furnished: No', 'Balcony', 'Broadband ready', 'Public parking', 'Security']"
"VILLA FOR SALE IN SILVER SPRINGS 3, SILVER SPRINGS","6,600,000 AED",6,7,"3,395 sqft / 315 sqm",Villa,https://www.propertyfinder.ae/en/buy/dubai/villas-for-sale-damac-hills-silver-springs-silver-springs-3.html,"['Maids Room', 'Balcony', 'Private Garden', 'Built in Wardrobes', '6 Bedrooms', ""Maid's Room"", '7 Bathrooms', '2 Parking Spaces', '18-Hole Championship Golf Course', 'Corner Unit', 'G+2', 'Entertainment Roof (Gaming Room + Spacious Terrace)', 'Views of the Golf Course', 'Fully Furnished Kitchen', 'Spacious Bedrooms', 'Separate Maid’s Room', 'Swimming Pool', 'Balconies', 'Private Lawns', 'Two Parking Spaces', 'Close to Various Entertainment Destinations, Restaurants, Grocery Stores, Supermarkets, Spas & Wellness Centres, Banks, and Pharmacies']"
"VILLA FOR SALE IN ELORA, THE VALLEY","2,100,000 AED",3,3,"2,095 sqft / 195 sqm",Villa,https://www.propertyfinder.ae/en/buy/dubai/villas-for-sale-the-valley-elora.html,"['Green Belt', 'Close to Golden Beach', 'Single Row']"
"VILLA FOR SALE IN HAYAT TOWNHOUSES, TOWN SQUARE","2,200,000 AED",3,4,"2,062 sqft / 192 sqm",Villa,https://www.propertyfinder.ae/to/11506784/en,"{'Amenities': ['Maids Room', 'Balcony', 'Private Garden', 'Shared Pool', 'Security', 'Covered Parking', 'Built in Wardrobes', 'Walk-in Closet', 'Kitchen Appliances', 'Shared Gym', 'Vastu-compliant'], 'Features': ['Upgraded', 'Type 5', 'View Today']}"
"VILLA FOR SALE IN SIDRA VILLAS I, SIDRA VILLAS","10,500,000 AED",5,4,"3,757 sqft / 349 sqm",Villa,https://www.propertyfinder.ae/en/buy/dubai/villa-for-sale-dubai-hills-estate-sidra-villas-sidra-villas-i.html,Corner Plot | Amazing Location| Notice Served
Exclusive 4BR Upgraded Villa | Meadows-2 | Vacant,"9,999,999 AED",4,6,"5,970 sqft / 555 sqm",Villa,https://www.propertyfinder.ae/en/buy/dubai/villas-for-sale-meadows-meadows-2.html,"['Maids Room', 'Balcony', 'Private Garden', 'Private Pool', 'Security', 'Covered Parking', 'Built in Wardrobes', 'Walk-in Closet', 'Pets Allowed', ""Children's Pool"", 'Barbecue Area', 'Upgraded Type 12', '4 Spacious En-suite Bedrooms', 'Master Bedroom with Walk-in Wardrobes + Balcony', '2 Spacious Living Rooms', 'Large Dining Area', 'Spanish Marble Flooring', 'Maids Room', 'Laundry Room', 'Closed Kitchen', 'Tranquil Gazebo for Outdoor Retreat', 'Italian Tiled Bathrooms', 'Vacant', 'Well-maintained property, ready for immediate occupancy', 'Prime location in Meadows-2 with easy access to amenities', 'Close proximity to schools, shopping, and dining options', 'Luxurious Interiors', 'Outdoor Haven with private pool and BBQ area']"
5 Bed Park View C1 Villa,"7,950,000 AED",5,5,"4,800 sqft",Villa,https://www.propertyfinder.ae/to/11175567/en,"['Maids Room', 'Balcony', 'Private Garden', 'Security', 'Type C1 Villa', 'Amazing park location', 'Gated access to park strip', 'Vacant on transfer', 'Private pool', 'Plot approx. 6,600 sq.ft', 'BUA approx. 4,800 sq.ft', '5 bedrooms with master en-suite and additional bathrooms', 'Open-plan kitchen/dining room', 'Leafy tree-lined streets', 'Ground floor bedroom/study', 'First floor bedrooms with shared shower room and en-suite bathroom', 'Ability to arrange viewing and offer through contact details provided', 'Finance available on property through haus & haus partners', 'Specialist brokers available for inquiries', 'Property has a stunning location in Oliva Village, Victory Heights']"
Bliss,"3,600,000 AED",4,5,"3,413 sqft / 317 sqm",Villa,https://www.propertyfinder.ae/en/buy/dubai/villas-for-sale-arabian-ranches-3.html,"['Central A/C', 'Balcony', 'Shared Pool', 'Covered Parking', 'Built in Wardrobes', 'View of Landmark', ""Children's Play Area"", 'Vastu-compliant', '4 bedroom + Maid room', 'PLAY AREAS FOR KIDS', 'COMMUNITY PLAZA', 'FULLY EQUIPPED GYM', 'BBQ AREAS', 'MOSQUE', 'ON WADI RIVER']"
Sidra Villas II,"15,000,000 AED",5,5,"4,300 sqft",Villa,https://www.propertyfinder.ae/en/buy/dubai/villas-for-sale-dubai-hills-estate-sidra-villas-sidra-villas-ii.html,"['Maids Room', 'Central A/C', 'Balcony', 'Private Garden', 'Security', 'Covered Parking', 'Built in Wardrobes', 'Walk-in Closet', 'Pets Allowed', ""Children's Pool"", ""Children's Play Area"", 'Barbecue Area']"
"VILLA FOR SALE IN LA ROSA, VILLANOVA","3,199,999 AED",4,4,"2,685 sqft / 249 sqm",Villa,https://www.propertyfinder.ae/to/11600288/en,"['Central A/C', 'Balcony', 'Shared Pool', 'Built in Wardrobes', 'Walk-in Closet', 'Pets Allowed', 'Shared Gym', ""Children's Play Area"", 'Barbecue Area', 'Plot Area: 2685.49 square feet', 'Semi-Open Plan Kitchen', 'Spacious Garden', '2 Parking Spaces', 'Proximity to Pool and Park', 'Community Pool', ""Children's Pool"", 'Basketball Court', 'Pet Park', 'Pet-Friendly Community', 'Contemporary architecture designed to blend with natural surroundings', 'Private garden', 'Pool house', 'Playground', 'Sports court', 'Unique pet park']"
"VILLA FOR SALE IN HAVEN BY ALDAR, DUBAI LAND","5,400,000 AED",4,5,"4,008 sqft / 372 sqm",Villa,https://www.propertyfinder.ae/to/11534790/en,"['Maids Room', 'Study', 'Central A/C', 'Balcony', 'Private Garden', 'Private Pool', 'Shared Pool', 'Shared Spa', 'Security', 'Covered Parking', 'Built in Wardrobes', 'Walk-in Closet', 'Kitchen Appliances', 'Pets Allowed', 'Shared Gym', ""Children's Pool"", ""Children's Play Area"", 'Barbecue Area', 'Wellness Centre', 'Haven Central Park', 'Air Fitness', 'Mosque', 'The Green', 'Run & Ride Tracks', 'Meditation Pavilion', 'Little Haven', 'Retail Therapy', 'Tranquility Pool (Adults)', 'Plunge Pool', 'Splash Pool (Kids)', 'Shaded Play Zone', 'The Streams', 'Reflexology Paths', 'Padel Haven', 'Play Haven', 'Basketball Court', 'Zen Gardens', 'Nature Trail', 'Picnic Patch']"
Aura,"5,200,000 AED",4,5,"2,397 sqft / 223 sqm",Villa,https://www.propertyfinder.ae/en/buy/dubai/villas-for-sale-tilal-al-ghaf-aura.html,"['Study', 'Central A/C', 'Balcony', 'Shared Pool', 'Security', 'Covered Parking', 'Built in Wardrobes', 'Kitchen Appliances', 'Pets Allowed', 'Shared Gym', 'Lobby in Building', ""Children's Play Area"", 'Crystal Lagoon Beach Access', 'Recreational Lagoon & Central Park', 'Fitness Centre (Indoor & Outdoor)', 'Swimming pools', 'Gated Community', 'Cycling and Jogging Track', 'Kids Play Area & Camp, Kids Pool', 'Royal Grammar School']"
"VILLA FOR SALE IN ESMERALDA, VICTORY HEIGHTS","8,300,000 AED",5,5,"4,802 sqft",Villa,https://www.propertyfinder.ae/to/11480961/en,"['Maids Room', 'Central A/C', 'Balcony', 'Private Garden', 'Covered Parking', 'Built in Wardrobes', 'Pets Allowed', 'Vacant Now', 'Large Plot', 'Cul de Sac', 'Type C1']"
"VILLA FOR SALE IN BUNGALOWS AREA, GREEN COMMUNITY WEST","5,750,000 AED",4,5,"4,347 sqft / 404 sqm",Villa,https://www.propertyfinder.ae/to/11411877/en,"['Four Bedroom Bungalow | Cul de Sac Location', 'Immaculate Condition', '4 Beds all with Ensuites', '4,347 Sq. Ft. BUA', '10,280 Sq. Ft. PLOT', 'Landscaped Garden', 'Corner Unit', 'External Maid & Laundry', 'Agent: Kieran Scarth on +971508928755, RERA BRN No. 42734', 'Show home standard corner Bungalow in Gc West', 'Incredibly well maintained Bungalow within a quiet location of Green Community West', 'Situated on a larger than average plot size of 10,280 Square Feet', '4 double bedrooms with generous built-in storage, ensuite bathrooms, and sliding door access to gardens', 'Formal living areas are open plan but naturally split into 3 different areas with sliding door access to front and rear gardens']"
"VILLA FOR SALE IN BUNGALOWS AREA, GREEN COMMUNITY WEST","5,850,000 AED",4,4,"4,347 sqft / 404 sqm",Villa,https://www.propertyfinder.ae/to/11055647/en,"['Upgraded', 'Vacant On Transfer', 'Balcony', 'Immaculate Condition', 'Upgraded Throughout', '4 Bedrooms', 'Landscaped Gardens', 'External Maids Room', 'Close Garage']"
"VILLA FOR SALE IN BUNGALOWS AREA, GREEN COMMUNITY WEST","6,200,000 AED",4,5,"11,800 sqft / 1,096 sqm",Villa,https://www.propertyfinder.ae/to/11372583/en,"['Maids Room', 'Private Garden', 'Shared Pool', 'Security', 'Covered Parking', 'Built in Wardrobes', 'Walk-in Closet', 'Pets Allowed', 'Shared Gym', ""Children's Pool"", ""Children's Play Area"", 'Barbecue Area', 'Huge Plot', 'Quiet Location', 'Vacant on Transfer']"
"VILLA FOR SALE IN OLIVA, VICTORY HEIGHTS","7,950,000 AED",5,5,"4,802 sqft",Villa,https://www.propertyfinder.ae/to/11159579/en,"['Vacant', 'Pool', 'Five Bed C1', 'Park Backing', 'Balcony', 'Private Garden', 'Private Pool', 'C1 Villa', 'Five Bedroom Plus Maids', 'Backing Oliva Park', 'Lovely private plot', 'Open plan kitchen', 'Family room', 'Guest bedroom with en-suite bathroom', 'Guest powder room', 'Laundry and maids room', '4,802 Sq. Ft. BUA', '6,613 Sq. Ft. Plot', 'Lovely pool and landscaped gardens', 'Double garage and driveway to the front']"
Upgraded 4 Bedroom Villa with Lake Views,"16,499,950 AED",4,4,"5,285 sqft / 491 sqm",Villa,https://www.propertyfinder.ae/en/buy/dubai/villas-for-sale-jumeirah-islands-european-clusters-entertainment-foyer.html,"['Amenities: Maids Room, Balcony, Covered Parking, View of Landmark', 'Features: Entertainment Foyer, Lake View, Upgraded, Vacant On Transfer, Owner Occupied, Partly Upgraded with Open Plan Kitchen, 3 Upgraded En-suite Bedrooms, Master Suite with Sitting Area, Walk-in Wardrobe, Terrace with Lake View, Private Upgraded Swimming Pool']"
Fully Renovated 5 Bed Masterview Villa,"24,999,950 AED",5,6,"6,500 sqft",Villa,https://www.propertyfinder.ae/en/plp/buy/villa-for-sale-dubai-jumeirah-islands-european-clusters-master-view-10453820.html,"['Central A/C', 'Balcony', 'Private Garden', 'Private Pool', 'Security', 'Covered Parking', 'View of Landmark', 'Masterview', 'Maids Room', 'European Roman Style', 'Fully Renovated and Upgraded', 'Close to Amenities', 'Owner Occupied']"
"VILLA FOR SALE IN HERITAGE, JUMEIRAH PARK","5,950,000 AED",3,4,"3,527 sqft / 328 sqm",Villa,https://www.propertyfinder.ae/to/11435063/en,"['Maids Room', 'Study', 'Central A/C', 'Balcony', 'Private Garden', 'Security', 'Built in Wardrobes', 'Walk-in Closet', 'Kitchen Appliances', 'Pets Allowed', 'Large Corner Plot', 'Immaculate Condition', 'Double Garage', 'En-suite Bedrooms', 'Family Lounge Upstairs', 'Tenanted']"
"VILLA FOR SALE IN HERITAGE, JUMEIRAH PARK","6,500,000 AED",3,4,"3,527 sqft",Villa,https://www.propertyfinder.ae/en/plp/buy/villa-for-sale-dubai-jumeirah-park-heritage-11704631.html,"['Maids Room', 'Study', 'Central A/C', 'Balcony', 'Private Garden', 'Private Pool', 'Security', 'Built in Wardrobes', 'Walk-in Closet', 'Kitchen Appliances', 'Pets Allowed']"
"VILLA FOR SALE IN REGIONAL, JUMEIRAH PARK","5,100,000 AED",3,4,"3,063 sqft",Villa,https://www.propertyfinder.ae/to/11436171/en,"{'Amenities': ['Maids Room', 'Study', 'Central A/C', 'Balcony', 'Private Garden', 'Security', 'Built in Wardrobes', 'Walk-in Closet', 'Kitchen Appliances', 'Pets Allowed'], 'Features': ['Vacant Soon', 'Exclusive', 'Single Row', 'Close to the Kids Park', 'Tenanted with Notice Served', 'Light Oak Interior Finish', 'Double Garage', 'All Bathrooms Ensuite', 'Fully Equipped Kitchen with Light Oak Interior', 'Fully Landscaped Garden with Trees and Artificial Grass', 'Located Close to Kids Park and Tennis Courts', 'Master Bedroom and First Bedroom with Private Balcony']}"
"VILLA FOR SALE IN GARDEN HOMES FROND K, GARDEN HOMES","45,000,000 AED",4,5,"7,757 sqft / 721 sqm",Villa,https://www.propertyfinder.ae/en/buy/dubai/villas-for-sale-palm-jumeirah-garden-homes-garden-homes-frond-k.html,"['Maids Room', 'Balcony', 'Private Garden', 'Private Pool', 'Security', 'Built in Wardrobes', 'Walk-in Closet', 'Kitchen Appliances', 'View of Water', 'View of Landmark', 'Pets Allowed', 'Brand New', 'Large Plot', 'Skyline View', 'Vacant']"
Amazing Golf Course 5 Bed B1 Villa - VOT,"11,000,000 AED",5,5,"5,833 sqft",Villa,https://www.propertyfinder.ae/en/plp/buy/villa-for-sale-dubai-dubai-sports-city-victory-heights-esmeralda-11175760.html,"['Maids Room', 'Central A/C', 'Balcony', 'Private Garden', 'Shared Pool', 'Security', 'Covered Parking', 'Built in Wardrobes', 'Walk-in Closet']"
4 BR+Maid |Standalone Villa | Active Lifestyle,"4,950,000 AED",4,4,"4,018 sqft / 373 sqm",Villa,https://www.propertyfinder.ae/to/11595269/en,"['Maids Room', 'Central A/C', 'Balcony', 'Shared Pool', 'Built in Wardrobes', 'Kitchen Appliances', 'Shared Gym', 'Green Belt Surroundings', 'Closed Kitchen', 'Storage Space', 'G+1 Structure', 'Single Row Placement', 'Plot Size: 4,018 Sq. Ft.', 'BUA:3,344 Sq. Ft.', 'Expected handover Q3 2027']"
"VILLA FOR SALE IN MIRA 4, MIRA","3,200,000 AED",3,3,"2,842 sqft / 264 sqm",Villa,https://www.propertyfinder.ae/en/buy/dubai/villas-for-sale-reem.html,"['Central A/C', 'Balcony', 'Private Garden', 'Covered Parking', 'Built in Wardrobes', 'View of Landmark', 'Spacious 3Bed + Maid', 'Park View', 'Vacant June 2024']"
Exclusive Fully Upgraded 3 Bed with Pool,"8,750,000 AED",3,3,"3,447 sqft / 320 sqm",Villa,https://www.propertyfinder.ae/to/11703988/en,"['Maids Room', 'Study', 'Balcony', 'Covered Parking', 'View of Landmark']"
"VILLA FOR SALE IN NAD AL SHEBA GARDENS, NAD AL SHEBA 1","13,999,999 AED",5,5,"5,003 sqft / 465 sqm",Villa,https://www.propertyfinder.ae/en/buy/dubai/villas-for-sale-nad-al-sheba-nad-al-sheba-1-nad-al-sheba-gardens.html,"['Maids Room', 'Central A/C', 'Private Pool', 'Security', 'Covered Parking', 'Built in Wardrobes', 'Walk-in Closet', 'Barbecue Area', 'SMART HOME TECHNOLOGY', 'PRIVATE POOL', 'LUXURY FINISHING']"
Aura,"5,398,900 AED",4,5,"2,529 sqft / 235 sqm",Villa,https://www.propertyfinder.ae/en/buy/dubai/villas-for-sale-tilal-al-ghaf-aura.html,"['Balcony', 'Security', 'Built in Wardrobes', 'Walk-in Closet', ""Children's Play Area"", 'Barbecue Area', 'With Sky Suite', 'Closed kitchen', ""Maid's Room + Storeroom"", 'Large living and dining hall', 'Roof terrace', 'Greenfield rear garden', 'Built-in wardrobes and floor-to-ceiling windows', 'Private Garage', 'Gated Community']"
Signature Villa I Vacant Now I Fully Upgraded,"55,000,000 AED",6,7,"7,000 sqft",Villa,https://www.propertyfinder.ae/to/11675696/en,"['Maids Room', 'Central A/C', 'Balcony', 'Private Garden', 'Private Pool', 'Security', 'Covered Parking', 'Built in Wardrobes', 'View of Water', 'Pets Allowed', 'Fully Upgraded', 'Prayer Room', 'Show Kitchen', 'Dirty Kitchen', 'Available Now', ""Maid's and Driver's Room"", '20 Meter Swimming Pool', 'Double Garage for 2 Cars', 'Staff Quarters with Kitchen', 'Huge Garden with Skyline Views', 'Close to Restaurants, Shops, Malls']"
"VILLA FOR SALE IN GOLF PLACE 2, GOLF PLACE","16,000,000 AED",4,4,"5,590 sqft / 519 sqm",Villa,https://www.propertyfinder.ae/en/buy/dubai/villas-for-sale-dubai-hills-estate.html,"['Contemporary', 'Roof Terrace', '2 Year PHPP', 'Type D1', 'Four Bedrooms', 'Maids Room', 'Park Backing', 'Handover Q4 2024', 'Agent Megan Louisa Acomb', 'Luxury villas with rooftop terraces', 'Open living and dining area', 'Modern finishes', 'Two kitchens', ""A maid's room"", 'Large bedrooms', 'Rooftop terrace']"
"VILLA FOR SALE IN ENTERTAINMENT FOYER, OASIS CLUSTERS","18,750,000 AED",4,5,"5,200 sqft / 483 sqm",Villa,https://www.propertyfinder.ae/en/plp/buy/villa-for-sale-dubai-jumeirah-islands-oasis-clusters-entertainment-foyer-11320413.html,"['Amenities: Central A/C, Private Garden, Covered Parking, Built-in Wardrobes, View of Landmark', 'Features: Fully Upgraded, Vacant on Transfer, Maids Room, Private Swimming Pool']"
"VILLA FOR SALE IN JUNE, ARABIAN RANCHES 3","5,200,000 AED",5,7,"3,420 sqft / 318 sqm",Villa,https://www.propertyfinder.ae/en/area-insights/dubai/compounds-and-towers/arabian-ranches-3-june,"['Maids Room', 'Central A/C', 'Balcony', 'Private Garden', 'Shared Pool', 'Security', 'Covered Parking', 'Built in Wardrobes', 'Walk-in Closet', 'Pets Allowed', 'Shared Gym', '3,420sq.ft BUA +538sq.ft roof terrace', '4,521sq.ft Plot', 'All 5-bedrooms en-suite', 'First floor Family Room', 'Rooftop flexi-room and terrace', 'Club House', 'Swimming Pool', 'Fully Equipped Gym', 'Playground', 'Multi-Purpose Courts & Jogging Lanes', 'Open plan living, floor-to-ceiling windows', 'First floor family area', 'Roof top entertainment room', '5-bedrooms with en-suite bathrooms and walk-in wardrobes', 'Easy access to Emirates Road', 'Luxury amenities including a clubhouse, pool, children’s pool, and play area', 'Tranquility of lush greenery and linear parks', 'Lifestyle of sophistication and comfort']"
"VILLA FOR SALE IN MUDON AL RANIM 8, MUDON","3,437,000 AED",3,3,"1,808 sqft / 168 sqm",Villa,https://www.propertyfinder.ae/en/buy/dubai/villas-for-sale-mudon-mudon-al-ranim-8.html,"['Maids Room', 'Balcony', 'Private Garden', 'Built in Wardrobes', 'Walk-in Closet', 'Kitchen Appliances']"
"VILLA FOR SALE IN SPRINGS 3, THE SPRINGS","3,100,000 AED",2,3,"1,647 sqft / 153 sqm",Villa,https://www.propertyfinder.ae/en/buy/dubai/villas-for-sale-the-springs-springs-3.html,"['Study', 'Central A/C', 'Balcony', 'Private Garden', 'Security', 'Covered Parking', 'Built in Wardrobes', 'FULLY UPGRADED', 'VACANT', 'LANDSCAPED']"
"VILLA FOR SALE IN LUNARIA, AL BARARI VILLAS","28,000,000 AED",5 Bedrooms + Maid,7+ Bathrooms,"10,940 sqft / 1,016 sqm",Villa,https://www.propertyfinder.ae/en/buy/dubai/villas-for-sale-al-barari-al-barari-villas-lunaria.html,"['Maids Room', 'Study', 'Central A/C', 'Balcony', 'Private Garden', 'Private Pool', 'Private Gym', 'Private Jacuzzi', 'Security', 'Built in Wardrobes', 'Walk-in Closet', 'Kitchen Appliances', 'View of Landmark', 'Pets Allowed', 'Barbecue Area', 'Home Office', 'Rooftop Deck with Jacuzzi', 'Feature Spiral Staircase', 'Basement with Gym/Sauna and Cinema', ""Maid's and Driver's Room"", 'Parking for up to 8 Cars', 'Elevator', 'Show Kitchen', '14,118 Sq.ft BUA', '10,480 Sq.ft Plot']"
"Elan, Tilal Al Ghaf, Dubai","3,300,000 AED",3,3,"2,152 sqft",Villa,https://www.propertyfinder.ae/to/11724258/en,"['Balcony', 'Covered Parking', 'Kitchen Appliances', 'Shared Gym', ""Children's Pool"", ""Children's Play Area"", 'Barbecue Area']"
Legacy Nova Villas,"6,600,000 AED",4,5,"4,893 sqft / 455 sqm",Villa,https://www.propertyfinder.ae/en/buy/dubai/villas-for-sale-jumeirah-park-legacy-nova-villas.html,"Vacant, Great Location, Wonderful Property"
"VILLA FOR SALE IN AL REEM 2, AL REEM","3,750,000 AED",3,3,"2,456 sqft / 228 sqm",Villa,https://www.propertyfinder.ae/to/11680887/en,"['Study', 'Central A/C', 'Balcony', 'Private Garden', 'Private Pool', 'Covered Parking', 'Built in Wardrobes', 'Kitchen Appliances', 'Opposite park', 'Private pool', 'Vacant', 'Al Reem', 'Quite Location', 'Close to Park & Playground', 'Study Room']"
"VILLA FOR SALE IN SPRINGS 5, THE SPRINGS","2,650,000 AED",2,3,"1,647 sqft / 153 sqm",Villa,https://www.propertyfinder.ae/to/11644961/en,"['Private Garden', '2 Bedrooms', 'Partially Upgraded', 'Study', 'Central A/C', 'Balcony', 'Shared Pool', 'Covered Parking', 'Built in Wardrobes']"
"VILLA FOR SALE IN LEGACY, JUMEIRAH PARK","10,999,999 AED",4,5,"4,335 sqft / 403 sqm",Villa,https://www.propertyfinder.ae/to/11722097/en,"['Maids Room', 'Study', 'Balcony', 'Private Garden', 'Security', 'Covered Parking']"
"VILLA FOR SALE IN GHADEER 1, GHADEER","6,995,000 AED",3,4,"2,788 sqft / 259 sqm",Villa,https://www.propertyfinder.ae/to/11755574/en,"['Maids Room', 'Study', 'Central A/C', 'Balcony', 'Private Garden', 'Security', 'Covered Parking', 'Built in Wardrobes', 'Walk-in Closet', 'Master en-suite bedroom with 2 walk-in wardrobes', 'Miele kitchen appliances', 'New A/C', 'Beautifully renovated throughout', 'Extended layout', 'Spacious open plan living/dining room', 'Top-of-the-range kitchen with breakfast bar', 'Study room', 'Maids’ room', 'Master en-suite bedroom with two walk-in wardrobes', 'Stunning Marina skyline views from a picturesque sunlit balcony', 'Marble flooring', 'Plenty of afternoon sunlight', 'Situated on a single-row plot measuring over 4,162 sq. ft', 'Perfectly positioned within 5 minutes of The Meadows Village, Lakes Club, Sheikh Zayed Road, and a selection of Dubai’s best schools']"
"VILLA FOR SALE IN ENTERTAINMENT FOYER, EUROPEAN CLUSTERS","23,000,000 AED",4,5,"5,200 sqft / 483 sqm",Villa,https://www.propertyfinder.ae/to/11713132/en,"['Vacant on Transfer', 'Backing the Lake', 'Upgraded', 'Central A/C', 'Shared Pool', 'Security', 'Covered Parking', 'Shared Gym', 'Vacant on Transfer', 'Fully Upgraded', 'European Cluster', 'Close to Clubhouse', 'Viewable Now', '4 Bedrooms with Lake Views', 'Large Living Area', 'Closed Kitchen', 'Guest Bedroom on Ground Floor', 'Powder Room', 'Dining Room', 'En-suite Bathrooms', 'Master Suite with Living Area and Large Bathroom']"
"VILLA FOR SALE IN SPRINGS 15, THE SPRINGS","2,895,000 AED",2,3,"2,044 sqft / 190 sqm",Villa,https://www.propertyfinder.ae/to/11662145/en,"['EXCLUSIVE', 'OPPOSITE PARK', 'VACANT NOW', '2 bedrooms', '3 Bathrooms', 'Study', 'Kitchen', 'Lounge/Dining', 'Private Garden', 'Back To Back', '2050sqft Plot', '1690 sqft BUA', 'Standard', 'Opposite Park & Pool', 'Ideal for Investors', 'Vacant On Transfer']"
"VILLA FOR SALE IN ELYSIAN MANSIONS, TILAL AL GHAF","25,000,000 AED",5 Bedrooms + Maid,6 Bathrooms,"10,672 sqft / 991 sqm",Villa,https://www.propertyfinder.ae/to/11752559/en,"[""Amenities: Maids Room, Balcony, Private Garden, Private Pool, Security, Covered Parking, Built in Wardrobes, Walk-in Closet, Shared Gym, Children's Play Area, Barbecue Area"", 'Features: Genuine Resale, On the park, Large Plot, Private Home Elevator, Double Height Entry, Double Height Space, Two Family Living Areas, Guest Suite, His & Hers Walk in Closets, Wrap Around Swimming Pool, Gym/Spa, Open air Cinema, Maids Room, Drivers Room, Payment Plan remaining, Timeless Facade, Access to Private Beach']"
"VILLA FOR SALE IN JUMEIRAH LUXURY, JUMEIRAH GOLF ESTATES","6,900,000 AED",4,5,"3,431 sqft / 319 sqm",Villa,https://www.propertyfinder.ae/en/buy/dubai/villas-for-sale-jumeirah-golf-estates-jumeirah-luxury.html,"['Maids Room', 'Study', 'Central A/C', 'Balcony', 'Private Garden', 'Shared Pool', 'Shared Spa', 'Security', 'Covered Parking', 'Built in Wardrobes', 'Walk-in Closet', 'Kitchen Appliances', 'View of Water', 'View of Landmark', 'Pets Allowed', 'Shared Gym', ""Children's Pool"", ""Children's Play Area"", 'Barbecue Area']"
"VILLA FOR SALE IN SPRINGS 1, THE SPRINGS","3,199,999 AED",2,3,"1,794 sqft / 167 sqm",Villa,https://www.propertyfinder.ae/to/11452611/en,"['Near Pool', 'Type 4E', 'Springs 1', 'EXCLUSIVE', 'Balcony', 'Private Garden', 'Rare Option', '2 Beds & Study', 'Single Row', '1,794 Sq. Ft. BUA', '2,691 Sq. Ft. Plot', 'Opposite Pool & Park', 'Walk to Meadows Souk Mall', 'Living room', 'Kitchen', 'Downstairs guest bathroom', 'Study area', 'Two en-suite bedrooms with balconies', 'Fitted wardrobes in the master bedroom', 'Private rear garden', 'Covered parking for two cars']"
"VILLA FOR SALE IN SPRINGS 4, THE SPRINGS","3,350,000 AED",2,3,"1,690 sqft / 157 sqm",Villa,https://www.propertyfinder.ae/to/11452599/en,"['Close to Pool & Park', 'Upgraded', 'Vacant']"
"VILLA FOR SALE IN SIDRA VILLAS I, SIDRA VILLAS","7,900,000 AED",4,3,"3,237 sqft / 301 sqm",Villa,https://www.propertyfinder.ae/en/buy/dubai/villas-for-sale-dubai-hills-estate-sidra-villas-sidra-villas-i.html,"['Maids Room', 'Balcony', 'Private Garden', 'Security', 'Covered Parking', 'View of Landmark']"
Legacy Nova Villas,"6,800,000 AED",4,4,"4,157 sqft",Villa,https://www.propertyfinder.ae/to/11494831/en,"['Maids Room', 'Central A/C', 'Balcony', 'Private Garden', 'Security', 'Covered Parking', 'Built in Wardrobes', 'Walk-in Closet', 'Pets Allowed', 'Single Row', 'Private Garden', 'Away from Cables and Roads', 'Well Maintained', 'Quiet Location', 'Open Plan Living', 'Floor To Ceiling Windows']"
"VILLA FOR SALE IN SAHEEL, ARABIAN RANCHES","7,550,000 AED",4 Bedrooms + Maid,4 Bathrooms,"3,216 sqft / 299 sqm",Villa,https://www.propertyfinder.ae/to/11673589/en,"['Maids Room', 'Study', 'Balcony', 'Private Garden', 'Private Pool', 'Private Gym', 'Private Jacuzzi', 'Shared Pool', 'Security', 'Maid Service', 'Covered Parking', 'Built in Wardrobes', 'Walk-in Closet', 'Kitchen Appliances', 'Shared Gym', ""Children's Pool"", 'Barbecue Area']"
"Villa for Sale in Orange Lake, Jumeirah Golf Estates","11,500,000 AED",5,6,"8,471 sqft",Villa,https://www.propertyfinder.ae/en/property-for-sale/dubai/jumeirah-golf-estates-fire-orange-lake-11532712.html,"['Maids Room', 'Central A/C', 'Balcony', 'Private Garden', 'Security', 'Covered Parking', 'Walk-in Closet', 'Elevator', 'View of Water', 'Elevated Lake View', 'Large 5 BR Villa', 'VOT']"
Bliss,"3,850,000 AED",4,5,"1,836 sqft / 171 sqm",Villa,https://www.propertyfinder.ae/en/buy/dubai/villas-for-sale-arabian-ranches-3-bliss.html,"['Central A/C', 'Balcony', 'Shared Pool', 'Security', 'Concierge', 'Covered Parking', 'Shared Gym', ""Children's Play Area"", 'Big Plot', 'On Park', 'G +1', 'Corner Unit', 'Swimming Pool', 'Gardens and Parks', 'Kids Play Area', 'BBQ Area', 'Sports Facilities', 'Shopping Malls', 'Retail Outlets', 'Cafes and Restaurants', 'Located at Arabian Ranches 3, Dubai', 'Easy accessibility and mobility to the rest of the city', 'Modern design townhouses with modern amenities and features', 'Water streams across sikkas and multiple fountain plazas', 'First-ever waterfront destination at Arabian Ranches 3', 'Connectivity: 5 minutes - Global Village, 10 minutes - Dubai Polo & Equestrian Club, 20 minutes - Downtown Dubai, 20 minutes - Dubai International Airport, 35 minutes - Dubai Marina, 35 minutes - The Dubai Mall, 35 minutes - Al Maktoum International Airport']"
"VILLA FOR SALE IN SIDRA VILLAS I, SIDRA VILLAS","8,700,000 AED",4,4,"3,456 sqft / 321 sqm",Villa,https://www.propertyfinder.ae/en/buy/dubai/villas-for-sale-dubai-hills-estate-sidra-villas-sidra-villas-i.html,"['Maids Room', 'Balcony', 'Private Garden', 'Security', 'Covered Parking', 'Exclusive', 'Motivated Seller', 'VOT']"
"VILLA FOR SALE IN PARKSIDE 1, EMAAR SOUTH","2,100,000 AED",3,3,"1,751 sqft / 163 sqm",Villa,https://www.propertyfinder.ae/to/11674722/en,"['Maids Room', 'Central A/C', 'Balcony', 'Shared Pool', 'Security', 'Covered Parking', 'Built in Wardrobes', 'Walk-in Closet', 'Kitchen Appliances', 'Pets Allowed', 'Shared Gym', ""Children's Pool"", ""Children's Play Area"", 'Barbecue Area', ""Maid's room"", 'BUA: Approximately 1751 sqft', 'Plot: Approximately 1506 sqft', 'Back to Back', 'Investor Deal', 'Motivated Seller', 'Tenanted']"
Four Bedroom Bungalow | Landscaped Garden,"4,950,000 AED",4,4,"4,347 sqft / 404 sqm",Villa,https://www.propertyfinder.ae/en/plp/buy/villa-for-sale-dubai-green-community-green-community-west-bungalows-area-11588310.html,"['Private Garden', 'View of Landmark', 'Immaculate Condition', 'Cul de sac location', 'Upgraded Kitchen', 'External Maids']"
"VILLA FOR SALE IN SIDRA VILLAS III, SIDRA VILLAS","9,500,000 AED",4,4,"3,533 sqft / 328 sqm",Villa,https://www.propertyfinder.ae/en/plp/buy/villa-for-sale-dubai-dubai-hills-estate-sidra-villas-sidra-villas-iii-11618219.html,"['Large Plot', 'Single Row', 'Great Location', 'Maids Room', 'Balcony', 'Private Garden', 'Security', 'Covered Parking', 'View of Landmark']"
"VILLA FOR SALE IN ENTERTAINMENT FOYER, ISLAMIC CLUSTERS","28,000,000 AED",4,5,"5,834 sqft",Villa,https://www.propertyfinder.ae/to/11676925/en,"['Central A/C', 'Balcony', 'Private Pool', 'Security', 'Covered Parking', 'Walk-in Closet', 'Kitchen Appliances', 'View of Water', 'View of Landmark', 'Pets Allowed', 'Fully Upgraded | Ready Now | Lake Views', 'Italian equipped kitchen with Miele appliances', 'Front kitchen and dirty kitchen', 'Breathtaking views of the lake and park', 'Fireplace', 'Sunken area', 'Laundry room', ""Maid's room"", 'Built-in wardrobes', 'Fully Furnished', 'Fully Renovated And Extended', 'Vacant']"
"VILLA FOR SALE IN THE MANSIONS, JUMEIRAH ISLANDS","28,000,000 AED",5,5,"8,452 sqft / 785 sqm",Villa,https://www.propertyfinder.ae/en/plp/buy/villa-for-sale-dubai-jumeirah-islands-the-mansions-11690196.html,"['Maids Room', 'Central A/C', 'Balcony', 'Private Garden', 'Private Pool', 'Security', 'Covered Parking', 'Built in Wardrobes', 'Walk-in Closet', 'Kitchen Appliances', 'View of Water', 'Pets Allowed', ""Children's Play Area""]"
"VILLA FOR SALE IN COSTA BRAVA 1, COSTA BRAVA AT DAMAC LAGOONS","3,350,000 AED",5,5,"2,108 sqft / 196 sqm",Villa,https://www.propertyfinder.ae/en/buy/dubai/villas-for-sale-damac-lagoons-costa-brava-at-damac-lagoons-costa-brava-1.html,"['Maids Room', 'Study', 'Central A/C', 'Balcony', 'Private Garden', 'Private Pool', 'Private Gym', 'Private Jacuzzi', 'Shared Pool', 'Shared Spa', 'Security', 'Concierge', 'Maid Service', 'Covered Parking', 'Built in Wardrobes', 'Walk-in Closet', 'Kitchen Appliances', 'View of Water', 'View of Landmark', 'Pets Allowed', 'Shared Gym', 'Lobby in Building', ""Children's Pool"", ""Children's Play Area"", 'Barbecue Area', 'Vastu-compliant']"
"VILLA FOR SALE IN THE SUNDIALS, EARTH","17,450,000 AED",5,6,"7,600 sqft / 706 sqm",Villa,https://www.propertyfinder.ae/to/11415125/en,"['Upgraded', 'Golf Course Views', 'Corner Plot', 'Maids Room', 'Study', 'Balcony', 'Private Garden', 'Security', 'Covered Parking', 'Basement Level', 'Cul De Sac Location']"
"VILLA FOR SALE IN FAMILY VILLAS, GREEN COMMUNITY WEST","6,800,000 AED",5,6,"6,210 sqft / 577 sqm",Villa,https://www.propertyfinder.ae/to/11285471/en,"['Maids Room', 'Central A/C', 'Balcony', 'Private Garden', 'Shared Pool', 'Security', 'Covered Parking', 'Built in Wardrobes', 'Walk-in Closet', 'Shared Gym']"
"VILLA FOR SALE IN ALAYA, TILAL AL GHAF","10,000,000 AED",4,5,"6,496 sqft / 603 sqm",Villa,https://www.propertyfinder.ae/plp/_next/image?url=https%3A%2F%2Fwww.propertyfinder.ae%2Fimages%2Fpf_agent%2Fpicture%2F515249f0d096dfdff2a748290eeb301b6b656e6c%2Fdesktop&w=480&q=75,"['Luxury', 'Contemporary', 'Spacious', 'Re-Sale']"
"VILLA FOR SALE IN SECTOR E, EMIRATES HILLS","49,000,000 AED",6,7,"15,000 sqft / 1,394 sqm",Villa,https://www.propertyfinder.ae/to/11718849/en,"['Maids Room', 'Balcony', 'Private Gym', 'Kitchen Appliances', 'View of Water', ""Children's Play Area"", 'Barbecue Area', 'Lake Mansion', 'Incredible Garden', 'Luxury Basement', 'Beautiful Lake views', 'Spacious Open Plan Living & Dining Area', 'En-suite Bathrooms', 'Walk-in Wardrobes', 'Stunning Infinity Swimming Pool', 'Landscaped Garden', 'Indoor Parking', 'Huge Basement with Natural lighting', 'Lush Greenery & Nature', 'Adjacent to Fairways of Address Montgomery Golf course', 'Near International School, Shopping Mall & Nursery', 'Close to Palm Jumeirah & The Marina']"
"VILLA FOR SALE IN PORTOFINO, DAMAC LAGOONS","3,999,999 AED",5,5,"3,355 sqft / 312 sqm",Villa,https://www.propertyfinder.ae/en/buy/dubai/villa-for-sale-damac-lagoons-portofino,"['Single Row', 'Corner Unit', 'Unique Larger Plot', 'Malibu beach', 'Community centre', ""Kids' play area"", 'Barbeque area', 'Gym and jacuzzi', 'Swimming pool', 'Restaurants', 'Jogging and cycling tracks', 'Football & basketball courts', 'Tennis and cricket courts']"
"VILLA FOR SALE IN MUDON AL RANIM 1, MUDON","2,700,000 AED",3,4,"2,217 sqft / 206 sqm",Villa,https://www.propertyfinder.ae/en/buy/dubai/villas-for-sale-mudon-mudon-al-ranim-1.html,"['Maids Room', 'Shared Pool', 'Security', 'Covered Parking', 'Built in Wardrobes', 'Shared Gym', ""Children's Pool"", ""Children's Play Area"", 'Barbecue Area']"
"VILLA FOR SALE IN MAPLE 2, MAPLE AT DUBAI HILLS ESTATE","5,200,000 AED",4,4,"2,462 sqft / 229 sqm",Villa,https://www.propertyfinder.ae/en/buy/dubai/villas-for-sale-dubai-hills-estate-maple-at-dubai-hills-estate-maple-2.html,"['Maids Room', 'Central A/C', 'Balcony', 'Private Garden', 'Built in Wardrobes', 'Walk-in Closet', 'Pets Allowed', 'Shared Gym', 'Private garage', 'Childrens play area', 'Public transport', 'Public park', 'Security', 'Shopping mall', 'Tennis courts', 'Mosque', 'Maid Service']"
"VILLA FOR SALE IN PARKSIDE 2, EMAAR SOUTH","2,200,000 AED",3,4,"1,945 sqft / 181 sqm",Villa,https://www.propertyfinder.ae/to/11677562/en,"['Central A/C', 'Balcony', 'Private Garden', 'Shared Pool', 'Security', 'Covered Parking', 'Built in Wardrobes', 'Walk-in Closet', 'Kitchen Appliances', 'View of Landmark', 'Pets Allowed', 'Shared Gym', ""Children's Pool"", ""Children's Play Area"", 'Barbecue Area', 'Vastu-compliant']"
"VILLA FOR SALE IN NAD AL SHEBA GARDENS, NAD AL SHEBA 1","13,000,000 AED",6,7,"6,500 sqft / 604 sqm",Villa,https://www.propertyfinder.ae/en/buy/dubai/villas-for-sale-nad-al-sheba-nad-al-sheba-1.html,"['Luxury Finishing', 'Private Pool', 'Investor Deal', 'Maids Room', 'Central A/C', 'Balcony', 'Covered Parking', 'Built in Wardrobes', ""Children's Play Area"", 'Modern Kitchen', 'Spacious living area', 'Elevator', 'Laundry Room', 'Private Parking space', 'Private Garden', 'Full Smart System', 'Yoga Lawn', 'Running Tracks', 'Sports Facilities', 'Kids Playing Areas', 'Events Lawn', 'Amphitheatre', 'Schools', 'Dog Park', 'Community Farms']"
Harmony,"8,999,999 AED",5,5,"4,477 sqft / 416 sqm",Villa,https://www.propertyfinder.ae/en/buy/dubai/villas-for-sale-tilal-al-ghaf-harmony.html,"['Maids Room', 'Central A/C', 'Balcony', 'Private Garden', 'Security', 'Covered Parking', 'Built in Wardrobes']"
"VILLA FOR SALE IN ELIE SAAB, ARABIAN RANCHES 3","5,700,000 AED",4,5,"5,055 sqft / 470 sqm",Villa,https://www.propertyfinder.ae/en/buy/dubai/villas-for-sale-arabian-ranches-3-elie-saab.html,"['Central A/C', 'Balcony', 'Private Garden', 'Shared Pool', 'Security', 'Covered Parking', 'View of Water', 'Shared Gym', ""Children's Play Area"", 'Ultra-luxury | Prime Location | Motivated Seller', 'Stand Alone Villa', 'Luxury amenities']"
"VILLA FOR SALE IN CHORISIA 1 VILLAS, AL BARARI","15,750,000 AED",4,5,"6,630 sqft",Villa,https://www.propertyfinder.ae/to/11715892/en,"['Maids Room', 'Study', 'Central A/C', 'Balcony', 'Private Garden', 'Shared Pool', 'Concierge', 'Built in Wardrobes', 'View of Water', 'Pets Allowed', ""Children's Play Area"", 'Full Floor Master Suite', 'Lake Views', 'VOT']"
Parkway Vistas,"34,000,000 AED",5,6,"10,776 sqft",Villa,https://www.propertyfinder.ae/en/buy/dubai/villas-for-sale-dubai-hills-estate-parkway-vistas.html,"{'Amenities': ['Maids Room', 'Study', 'Central A/C', 'Balcony', 'Private Pool', 'Covered Parking', 'Built in Wardrobes', 'Walk-in Closet', 'Kitchen Appliances'], 'Features': ['Vacant', 'Standalone Villa', 'Bathrooms: 6', 'Built-up Area: 10776 sqft', 'Furnished: No', 'Balcony', 'Central air conditioning', 'Private swimming pool', 'Kitchen Appliances', 'Built in wardrobes', 'Covered parking', 'Study', 'Walk-in Closet', 'Solid wood floors', 'Private garage', 'Maids room', 'BBQ area', 'Upgraded interior', 'Public park', 'Childrens play area']}"
"VILLA FOR SALE IN LEGACY, JUMEIRAH PARK","5,399,995 AED",3,4,"3,572 sqft / 332 sqm",Villa,https://www.propertyfinder.ae/en/buy/dubai/villas-for-sale-jumeirah-park-legacy.html,"['Maids Room', 'Balcony', 'Private Garden', 'Built in Wardrobes', 'Kitchen Appliances', 'Single Row', 'Plot: Just Under 5,700 Sq Ft', 'Private & Secluded', 'Upstairs Kitchen Area', 'Vacant Now', 'Well Maintained', 'Master Bedroom With En-Suite & Private Terrace', '2 Extra Bedrooms With En Suite', '4 Bathrooms', 'Mosque, Schools, Parks Within the Community']"
"VILLA FOR SALE IN ENTERTAINMENT FOYER, EUROPEAN CLUSTERS","26,999,995 AED",5,5,"10,536 sqft / 979 sqm",Villa,https://www.propertyfinder.ae/to/11466523/en,"['Maids Room', 'Study', 'Balcony', 'Private Garden', 'Private Pool', 'Shared Pool', 'Security', 'Covered Parking', 'Built in Wardrobes', 'Walk-in Closet', 'Kitchen Appliances', 'View of Water', 'Pets Allowed', 'Shared Gym', ""Children's Play Area"", 'Barbecue Area', 'Brand New', 'Ultra Luxury', 'Lake View']"
"VILLA FOR SALE IN CLUB VILLAS AT DUBAI HILLS, DUBAI HILLS ESTATE","9,500,000 AED",3,4,"2,894 sqft / 269 sqm",Villa,https://www.propertyfinder.ae/en/buy/dubai/villas-for-sale-dubai-hills-estate-club-villas-at-dubai-hills.html,"['Central A/C', 'Balcony', 'Private Pool', 'Shared Pool', 'Security', 'Covered Parking', 'Built in Wardrobes', 'View of Landmark', 'Park View', 'Private Pool', 'Roof Terrace', 'Large living/dining room', '2 car parking spaces', 'Unfurnished', 'Vacant on transfer', 'Beautiful park view from glazed windows', 'Good investment opportunity', 'Close to park', 'Lush fairways nestled between green expanses', 'Children’s play areas', 'Walking trails', 'Cycling and jogging tracks', 'Security & Concierge Services', 'Near to Mosques, Supermarkets, Schools, and Healthcare', 'Exudes an air of sophistication paired with many facilities and an ideal location for families']"
"VILLA FOR SALE IN DEEMA 3, DEEMA","8,600,000 AED",4,3,"4,019 sqft / 373 sqm",Villa,https://www.propertyfinder.ae/en/buy/dubai/villas-for-sale-the-lakes-deema-deema-3.html,"['Maids Room', 'Study', 'Central A/C', 'Balcony', 'Private Garden', 'Shared Pool', 'Security', 'Covered Parking', 'Type 2', 'Well Maintained', 'Pool and Park View', 'Vastu', '2 Parking spaces', 'Owner Occupied']"
"VILLA FOR SALE IN GOLF PLACE 1, GOLF PLACE","20,000,000 AED",4,6,"8,322 sqft / 773 sqm",Villa,https://www.propertyfinder.ae/en/buy/dubai/villas-for-sale-dubai-hills-estate-golf-place-golf-place-1.html,"['Maids Room', 'Central A/C', 'Private Garden', 'Private Pool', 'Private Gym', 'Shared Pool', 'Security', 'Covered Parking', 'Built in Wardrobes', 'Walk-in Closet', 'Kitchen Appliances', 'Pets Allowed', 'Shared Gym', ""Children's Pool"", 'Barbecue Area', 'Study Room', 'Large living/dining room', 'Spacious open-plan layout', '2 Covered Parking Spaces', 'Private Garden with amazing view', 'Vibrant neighborhood nestled within lush greenery and winding pathways', 'Access to amenities such as central park, diverse dining options at the Club House, entertainment venues, esteemed schools, and Dubai Hills Mall']"
"VILLA FOR SALE IN MAG EYE, DISTRICT 7","2,350,000 AED",2,3,"1,186 sqft / 110 sqm",Villa,https://www.propertyfinder.ae/en/buy/dubai/villas-for-sale-mohammed-bin-rashid-city-district-7-mag-eye.html,"['Ready to Move', 'Modern Urban', 'Premium Unit', 'Swimming Pool', 'Retail Outlets', 'State at art Gymnasium', 'Recreational Centres', 'Shopping Mall', 'Schools & Nurseries', 'Gardens & Parks', 'Jogging and cycling tracks', 'Walking routes', 'A running track surrounding the development']"
"VILLA FOR SALE IN THE OASIS - MIRAGE, THE OASIS BY EMAAR","15,850,888 AED",5 Bedrooms + Maid,7 Bathrooms,"10,225 sqft / 950 sqm",Villa,https://www.propertyfinder.ae/en/buy/dubai/villas-for-sale-the-oasis-by-emaar-the-oasis-mirage.html,"['Maids Room', 'Central A/C', 'Balcony', 'Private Garden', 'Private Pool', 'Covered Parking', 'Built in Wardrobes', ""Children's Play Area"", 'Barbecue Area', ""5 Bedroom + maid's room"", 'Built up area - 10,225 sq.ft.', 'Plot area - 10226 sq.ft', 'Bedroom: 5', ""Maid's Room with Ensuite"", 'Walk-in Closet / Wardrobes', 'Powder Room', 'Rooftop Terrace', 'Rooftop Lounge', 'Family Living Room', 'Storage Room', 'Garage', 'Laundry Room']"
"VILLA FOR SALE IN MEADOWS 9, MEADOWS","11,200,000 AED",5,5,"4,100 sqft / 381 sqm",Villa,https://www.propertyfinder.ae/to/11559480/en,"['Maids Room', 'Central A/C', 'Balcony', 'Private Garden', 'Private Pool', 'Covered Parking', 'Kitchen Appliances', 'Pets Allowed', 'Brand New', 'Remodelled', 'Completion July 2024', '9 metre swimming pool', 'Outside seating area', '700 sq. ft. of extensions added', 'Brand new waterproofing', 'Natural marble flooring', 'Solid wood stairs', 'Covered gazebo area', 'New MEP and AC units', 'Raised faux ceilings', 'Approx plot 6,310 sq. ft.', '5 bedrooms all with en suite bathrooms', 'Furniture included']"
Luxury Villa | Type 1C | Handover Q4 2025,"9,000,000 AED",5,6,"7,372 sqft / 685 sqm",Villa,https://www.propertyfinder.ae/to/11710297/en,"['Maids Room', 'Central A/C', 'Balcony', 'Private Garden', 'Shared Pool', 'Security', 'Covered Parking', 'Kitchen Appliances', 'Pets Allowed', 'Shared Gym', ""Children's Play Area"", 'Large open living and dining area', 'Closed Kitchen', 'Maid Room with Washroom Attached', 'Powder Room', 'Covered Garage for 2 cars', 'Handover Q4 2025', 'Swimming pools and a kidsʼ pool', 'Kidsʼ play area', 'Sports courts', 'Jebel Ali Recreation Club and Club House', 'Large community park', 'Close to The Winchester School', 'Direct access to Sheikh Zayed Road', 'Every home has a garden and low-level fencing, which brings openness and a sense of communal outdoor living', 'Within walking distance to grocery stores, restaurants, and boutiques']"
"VILLA FOR SALE IN BUNGALOWS AREA, GREEN COMMUNITY WEST","4,950,000 AED",4,5,"4,347 sqft / 404 sqm",Villa,https://www.propertyfinder.ae/to/11580243/en,"['Maids Room', 'Central A/C', 'Private Garden', 'Shared Pool', 'Security', 'Covered Parking', 'Built in Wardrobes', 'Walk-in Closet', '4 Bedroom All En-suite', 'BUA 4,347 sq.ft', 'Plot 9,269 sq.ft', 'Single Row', 'Cul De Sac Location', 'Established Community', 'Sitting on a spacious plot', 'Closed kitchen', 'Open planning living area with kitchen dining area', 'Vacant upon transfer', 'Finance available through haus & haus partners']"
"VILLA FOR SALE IN FAMILY VILLA AREA, GREEN COMMUNITY EAST","11,758,000 AED",5,5,"6,210 sqft / 577 sqm",Villa,https://www.propertyfinder.ae/en/plp/buy/villa-for-sale-dubai-green-community-green-community-east-family-villa-area-11667543.html,"['Maids Room', 'Study', 'Balcony', 'Private Garden', 'Private Pool', 'Security', 'Covered Parking', 'Fully upgraded and extended', 'Cinema room', 'High end finishing', '5 bedrooms all en-suite', '6,210 sq.ft BUA', '8,360 sq.ft plot approximately', 'Ready to move in']"
"VILLA FOR SALE IN SAHEEL, ARABIAN RANCHES","7,800,000 AED",3,3,"3,324 sqft / 309 sqm",Villa,https://www.propertyfinder.ae/to/11681102/en,"['Maids Room', 'Central A/C', 'Balcony', 'Private Garden', 'Built in Wardrobes', 'Kitchen Appliances', 'Renovated Type 7', 'Exclusive - Renovated -Type 7 - Great Location', 'Large Living / Dining area', 'Fitted Wardrobes', 'Large plot', 'Private pool', 'Great location']"
Chorisia 2 Villas,"14,500,000 AED",5,5,"6,374 sqft / 592 sqm",Villa,https://www.propertyfinder.ae/en/buy/dubai/villas-for-sale-al-barari-chorisia-2-villas.html,"['Maids Room', 'Study', 'Central A/C', 'Balcony', 'Private Garden', 'Private Pool', 'Shared Pool', 'Shared Spa', 'Security', 'Walk-in Closet', 'Kitchen Appliances', 'View of Landmark', 'Pets Allowed', 'Shared Gym', ""Children's Pool"", ""Children's Play Area"", 'Barbecue Area']"
"VILLA FOR SALE IN CLUB VILLAS AT DUBAI HILLS, DUBAI HILLS ESTATE","8,200,000 AED",3,3,"2,950 sqft",Villa,https://www.propertyfinder.ae/to/11758775/en,"['Maids Room', 'Balcony', 'Private Garden', 'Concierge', 'Covered Parking', 'Pool and park backing', 'VOT', 'Exclusive']"
"VILLA FOR SALE IN TERRA NOVA, ARABIAN RANCHES","7,800,000 AED",4,5,"4,238 sqft / 394 sqm",Villa,https://www.propertyfinder.ae/en/plp/buy/villa-for-sale-dubai-arabian-ranches-terra-nova-11646715.html,"['Near Pool & Park', 'Vastu', 'Largest 4 bed', 'Type 10', 'Hacker Kitchen', 'Private Pool with heater/chiller and sundeck', 'Single Row', 'Tenanted until October 2024', 'Two Garage Parking', '24/7 Security', 'Access to Community Pool and Tennis Courts', 'Close to Arabian Ranches 18-Hole Golf Course, Dubai Polo and Equestrian Club']"
"VILLA FOR SALE IN SPRINGS 4, THE SPRINGS","4,900,000 AED",3,3,"2,744 sqft / 255 sqm",Villa,https://www.propertyfinder.ae/en/buy/dubai/villas-for-sale-the-springs-springs-4.html,"['Maids Room', 'Central A/C', 'Balcony', 'Private Garden', 'Shared Pool', 'Security', 'Covered Parking', 'Built in Wardrobes', 'View of Water', 'View of Landmark', 'Pets Allowed', ""Children's Play Area"", 'Barbecue Area', 'Vastu-compliant']"
"VILLA FOR SALE IN MUROOJ AL FURJAN, AL FURJAN","6,700,000 AED",4,5,"5,584 sqft / 519 sqm",Villa,https://www.propertyfinder.ae/en/buy/dubai/villas-for-sale-al-furjan.html,"['Maids Room', 'Study', 'Central A/C', 'Balcony', 'Private Garden', 'Shared Pool', 'Security', 'Covered Parking', 'Kitchen Appliances', 'Pets Allowed', 'Shared Gym', ""Children's Pool"", ""Children's Play Area"", 'Barbecue Area', 'Vastu-compliant']"
"VILLA FOR SALE IN GREENVIEW, EMAAR SOUTH","2,200,000 AED",3,4,"1,936 sqft / 180 sqm",Villa,https://www.propertyfinder.ae/en/buy/dubai/villas-for-sale-dubai-south-dubai-world-central-emaar-south-greenview.html,"['Maids Room', 'Central A/C', 'Balcony', 'Private Garden', 'Shared Pool', 'Security', 'Concierge', 'Covered Parking', 'Built in Wardrobes', 'Walk-in Closet', 'Pets Allowed', 'Shared Gym', ""Children's Pool"", ""Children's Play Area"", 'Barbecue Area']"
"VILLA FOR SALE IN MIRA 1, MIRA","3,300,000 AED",3,4,"3,243 sqft / 301 sqm",Villa,https://www.propertyfinder.ae/en/buy/dubai/villas-for-sale-reem-mira-mira-1.html,"['Maids Room', 'Balcony', 'Private Garden', 'Shared Pool', 'Covered Parking', 'Built in Wardrobes', 'Shared Gym', ""Children's Pool""]"
"VILLA FOR SALE IN WILDFLOWER, EARTH","24,950,000 AED",5 Bedrooms + Maid,7 Bathrooms,"7,689 sqft / 714 sqm",Villa,https://www.propertyfinder.ae/to/11749271/en,"['Maids Room', 'Study', 'Balcony', 'Private Garden', 'Private Pool', 'Private Gym', 'Security', 'Covered Parking', 'Built in Wardrobes', 'Walk-in Closet', 'Pets Allowed', 'Contemporary | Prime Location | High End Finishes', 'Luxury Finishes', 'Earth Golf Course Views', 'Garage for Two Cars', 'Smart Home Technology', 'Entertainers Garden', 'Miele Kitchen Appliances', 'Wood Flooring and Travertine Throughout']"
"VILLA FOR SALE IN SPRINGS 12, THE SPRINGS","3,700,000 AED",2,3,"2,002 sqft / 186 sqm",Villa,https://www.propertyfinder.ae/to/11755630/en,"{'Amenities': ['Study', 'Balcony', 'Private Garden', 'Shared Pool', 'Security', 'Covered Parking'], 'Features': ['Fully Upgraded', 'Turn Key', 'Vacant Now', 'Golf Clubhouse', 'Public park', 'Play area', 'Mosque', 'Restaurants']}"
Aura,"5,200,000 AED",4,6,"3,410 sqft / 317 sqm",Villa,https://www.propertyfinder.ae/en/buy/dubai/villas-for-sale-tilal-al-ghaf-aura.html,"['Maids Room', 'Study', 'Central A/C', 'Balcony', 'Private Garden', 'Shared Pool', 'Shared Spa', 'Security', 'Covered Parking', 'Built in Wardrobes', 'Walk-in Closet', 'View of Water', 'Pets Allowed', 'Shared Gym', ""Children's Pool"", ""Children's Play Area"", 'Barbecue Area', 'Closed Kitchen', 'Roof Terrace', 'Kitchen Appliances', 'Spacious Living/Dining Area', 'Gated Community', 'Fitness Centre', 'Crystal Lagoon', 'Beach Club', 'Adults & Kids Swimming Pools', 'Mosque', '100,000sqm Lagoon', '11km Cycle Track', '18km Pedestrian Walking Paths', 'Kids Play Area', 'Parks & Green Spaces', 'Carrefour', 'Pharmacy', 'Cafes & Restaurants']"
"VILLA FOR SALE IN CLUB VILLAS AT DUBAI HILLS, DUBAI HILLS ESTATE","12,200,000 AED",4,5,"3,360 sqft / 312 sqm",Villa,https://www.propertyfinder.ae/en/buy/dubai/villas-for-sale-dubai-hills-estate-club-villas-at-dubai-hills.html,"['Maids Room', 'Balcony', 'Private Pool', 'Shared Pool', 'Covered Parking', 'Built in Wardrobes', ""Children's Pool"", 'Community Expert', 'Upgraded', 'Must View', 'Sunken Garden', 'Upgraded Kitchen with German Appliances', 'Prime location', 'Roof Terrace', 'Corner Unit', 'Close to Amenities', 'Golf Course View']"
Sidra Villas I,"12,000,000 AED",4,4,"3,800 sqft / 353 sqm",Villa,https://www.propertyfinder.ae/to/11734135/en,"['Community Expert', 'Pool', 'Extended', 'Large Plot', 'Maids Room', 'Balcony', 'Private Pool', 'Shared Pool', 'Covered Parking', 'Built in Wardrobes', 'Shared Gym', 'Type E3 Extended', 'Private Overflow Pool', 'Upgraded Kitchen with German Appliances', 'Partial Green Belt', 'Upgraded Flooring', 'BBQ Area', 'Shutters in Master Bedroom', 'Covered Electric Garage']"
Rasha,"7,500,000 AED",4,5,"4,354 sqft / 404 sqm",Villa,https://www.propertyfinder.ae/en/plp/buy/villa-for-sale-dubai-arabian-ranches-2-rasha-11763726.html,"['Maids Room', 'Balcony', 'Private Garden', 'Shared Pool', 'Built in Wardrobes', 'Shared Gym', 'Community Expert', 'Exclusive', 'Type 2']"
Lila,"6,600,000 AED",5,5,"3,839 sqft",Villa,https://www.propertyfinder.ae/en/plp/buy/villa-for-sale-dubai-arabian-ranches-2-lila-11742576.html,"['Maids Room', 'Private Garden', 'Shared Pool', 'Covered Parking', 'Built in Wardrobes', ""Children's Pool"", 'Community Expert', 'Well Maintained', 'Vacant']"
"VILLA FOR SALE IN PORTOFINO, DAMAC LAGOONS","2,140,000 AED",4,5,"1,550 sqft / 144 sqm",Villa,https://www.propertyfinder.ae/en/buy/dubai/villas-for-sale-damac-lagoons-portofino.html,"[""Amenities: Central A/C, Balcony, Shared Pool, Security, Concierge, Covered Parking, Shared Gym, Children's Play Area"", ""Features: Amazing Deal, 2 Parkings, Set within a prominent location opposite to Damac Hills community, Proximity to roadways including Mohammed Bin Zayed Road and Emirates Road, Water Park, Regional Mall, Water cinema, Lagoons & Waterfalls, Sandy Beaches, Retail Outlets, Shopping Malls, Waterside Clubhouse, Cafes and Retail Promenade, Nearby places including Jebel Ali School, Dubai Polo & Equestrian Club, Dubai Autodrome, Miracle Garden, IMG World, Dubai International Stadium, City Centre Me'aisem, Mall of the Emirates, Al Maktoum International Airport, Access to proximity roadways for easy access to the city""]"
"VILLA FOR SALE IN BUNGALOWS AREA, GREEN COMMUNITY WEST","5,850,000 AED",4,3,"4,347 sqft / 404 sqm",Villa,https://www.propertyfinder.ae/to/11729226/en,"['Maids Room', 'Central A/C', 'Balcony', 'Private Garden', 'Shared Pool', 'Security', 'Covered Parking', 'Built in Wardrobes', 'Walk-in Closet', 'Single Row', 'Quiet Location', 'Vacant on Transfer']"
"VILLA FOR SALE IN DISTRICT ONE WEST PHASE I, DISTRICT ONE","15,800,000 AED",5,7,"8,439 sqft / 784 sqm",Villa,https://www.propertyfinder.ae/plp/buy/villa-for-sale-dubai-mohammed-bin-rashid-city-district-one-district-one-west-phase-i-11721027.html,"['Maids Room', 'Central A/C', 'Balcony', 'Shared Pool', 'Security', 'Covered Parking', 'Built in Wardrobes', 'Walk-in Closet', '5 En-suite bedrooms', 'Kitchen with appliances by Mele, built-in cabinetry, granite countertops', 'Laundry room', '2 Storage room', 'Maids room', 'Driver’s room', 'Private swimming pool', 'Lovely Private Gardens', '4 Covered parking spaces and 4 Outside', 'Direct Access to Community Park', 'Access to crystal Lagoon', 'Crystal Lagoon', 'Bicycle Track', 'Beachfront', 'Running Park', 'Kids Play Area', 'Parks', 'Nearby School', 'Supermarket', 'Nursery']"
"VILLA FOR SALE IN CAYA, ARABIAN RANCHES 3","5,800,000 AED",4,5,"4,822 sqft / 448 sqm",Villa,https://www.propertyfinder.ae/to/11688065/en,"['Maids Room', 'Central A/C', 'Balcony', 'Private Garden', 'Shared Pool', 'Shared Spa', 'Security', 'Built in Wardrobes', 'Walk-in Closet', 'Kitchen Appliances', 'Shared Gym', ""Children's Pool"", ""Children's Play Area"", 'Park View', 'Great Location', 'Single Row']"
"VILLA FOR SALE IN THE PULSE BEACHFRONT, THE PULSE","3,500,000 AED",4 Bedrooms,5 Bathrooms,"3,298 sqft / 306 sqm",Villa,https://www.propertyfinder.ae/en/buy/dubai/villas-for-sale-dubai-south-dubai-world-central-the-pulse-the-pulse-beachfront-11722607.html,"['Maids Room', 'Study', 'Central A/C', 'Balcony', 'Private Garden', 'Shared Pool', 'Shared Spa', 'Security', 'Concierge', 'Maid Service', 'Covered Parking', 'Built in Wardrobes', 'Kitchen Appliances', 'Pets Allowed', 'Shared Gym', ""Children's Pool"", ""Children's Play Area"", 'Barbecue Area', 'Large Plot', 'Corner Unit', 'Post Handover PP', 'Rooftop Terrace', 'Beach Access', 'Space for Private Pool', 'Gated Community', 'Maid Room', 'Laundry Room', 'Gym', 'Swimming Pool', '24/7 Security']"
Brand New Custom Villa,"8,000,000 AED",5,6,"4,718 sqft / 438 sqm",Villa,https://www.propertyfinder.ae/en/buy/dubai/villas-for-sale-jumeirah-park.html,"['Maids Room', 'Study', 'Central A/C', 'Balcony', 'Private Garden', 'Private Pool', 'Security', 'Covered Parking', 'Built in Wardrobes', 'Walk-in Closet', 'Pets Allowed']"
"VILLA FOR SALE IN MEADOWS 2, MEADOWS","9,500,000 AED",5,5,"4,800 sqft / 446 sqm",Villa,https://www.propertyfinder.ae/to/11716212/en,"['Fully Extended', 'Corner Plot', 'Investor Project', 'Maids Room', 'Study', 'Central A/C', 'Balcony', 'Private Garden', 'Private Pool', 'Private Gym', 'Private Jacuzzi', 'Shared Pool', 'Security', 'Covered Parking', 'Built in Wardrobes', 'Walk-in Closet', 'Type 14: Extended', 'Maids + Drivers', 'Extended With Approved NOCs & Permits', 'Guest House For 5th Bedroom Or Gym', 'Temperate Controlled Pool', 'Fully Digital Smart Home', 'BUA: Approx. 4,800 Sq. Ft', 'Plot: Approx. 7,000 Sq. Ft']"
"VILLA FOR SALE IN LEGACY NOVA VILLAS, JUMEIRAH PARK","7,250,000 AED",4,5,"5,747 sqft / 534 sqm",Villa,https://www.propertyfinder.ae/to/11737285/en,"['Maids Room', 'Study', 'Central A/C', 'Balcony', 'Private Garden', 'Private Pool', 'Private Gym', 'Private Jacuzzi', 'Shared Pool', 'Shared Spa', 'Security', 'Concierge', 'Maid Service', 'Covered Parking', 'Built in Wardrobes', 'Walk-in Closet', 'Kitchen Appliances', 'View of Water', 'View of Landmark', 'Pets Allowed', 'Shared Gym']"
"VILLA FOR SALE IN ESMERALDA, VICTORY HEIGHTS","8,100,000 AED",5,4,"4,802 sqft / 446 sqm",Villa,https://www.propertyfinder.ae/en/buy/dubai/villas-for-sale-dubai-sports-city-victory-heights-esmeralda.html,"['Maids Room', 'Study', 'Central A/C', 'Balcony', 'Private Garden', 'Shared Pool', 'Security', 'Covered Parking', 'Built in Wardrobes', 'Pets Allowed', ""Children's Pool"", ""Children's Play Area""]"
"VILLA FOR SALE IN ENTERTAINMENT FOYER, ISLAMIC CLUSTERS","23,000,000 AED",4,5,"5,834 sqft / 542 sqm",Villa,https://www.propertyfinder.ae/to/11751452/en,"['Fully Upgraded', 'Smart Home', 'Lake View', ""Maid's room"", 'Laundry room', 'Entertainment Foyer', 'Italian Kitchen Poliform', 'Built-in Miele appliances', 'Gun metal or brass finishes', 'Travertine flooring', 'Sunken fire pit area', 'Private pool', 'Smart home system', 'Landscaped garden']"
"VILLA FOR SALE IN SPRINGS 9, THE SPRINGS","3,200,000 AED",2,3,"1,650 sqft / 153 sqm",Villa,https://www.propertyfinder.ae/to/11763998/en,"['Central A/C', 'Balcony', 'Shared Pool', 'Built in Wardrobes', ""Children's Play Area"", 'Exclusive Fully Upgraded Away from Road', 'Study', 'Back-to-Back', 'High Yield', 'Tenanted', 'Fully Upgraded', 'Opposite Communal Park', 'Walking Distance to Big Lake', 'Quiet and Peaceful Location', 'Spacious Garden Fully Landscaped', 'Open Plan Living']"
"VILLA FOR SALE IN MEDITERRANEAN VILLAS, JUMEIRAH VILLAGE TRIANGLE","5,250,000 AED",2 Bedrooms + Maid,3 Bathrooms,"2,690 sqft / 250 sqm",Villa,https://www.propertyfinder.ae/to/11714082/en,"['Maids Room', 'Balcony', 'Private Garden', 'Private Pool', 'Security', 'Fully Upgraded', 'District 9', 'Turn Key', 'Exclusive', 'New Kitchen, Flooring and Bathrooms', 'Large Private Pool', '2 Bedroom Independent Villa', 'Mediterranean Style', 'BUA 2,690 sq.ft', 'Plot 7,000 sq.ft', 'Vacant Soon']"
"VILLA FOR SALE IN MEDITERRANEAN VILLAS, JUMEIRAH VILLAGE TRIANGLE","5,000,000 AED",2 Bedrooms + Maid,3 Bathrooms,"2,690 sqft / 250 sqm",Villa,https://www.propertyfinder.ae/to/11723517/en,"['Maids Room', 'Study', 'Balcony', 'Private Garden', 'Covered Parking', 'Away from Cables', 'Corner Plot', 'District 8', '2,690 sq.ft BUA', '7,039 sq.ft Plot', 'Close to Park', 'Multiple Options Available', 'Community Specialist', 'Prime Location', 'Mediterranean Villa']"
"VILLA FOR SALE IN CLUB VILLAS AT DUBAI HILLS, DUBAI HILLS ESTATE","12,200,000 AED",4 Bedrooms + Maid,5 Bathrooms,"3,360 sqft / 312 sqm",Villa,https://www.propertyfinder.ae/en/buy/dubai/villas-for-sale-dubai-hills-estate-club-villas-at-dubai-hills.html,"['Maids Room', 'Balcony', 'Private Pool', 'Shared Pool', 'Covered Parking', 'Built in Wardrobes', ""Children's Pool"", 'Private Pool', 'Sunken Garden', 'Upgraded Kitchen with German Appliances', 'Upgraded Bathrooms', 'Prime location', 'Roof Terrace', 'Corner Unit', 'Close to Amenities', 'Golf Course View']"
Sidra Villas I,"12,000,000 AED",4,4,"3,800 sqft / 353 sqm",Villa,https://www.propertyfinder.ae/en/buy/dubai/villas-for-sale-dubai-hills-estate-sidra-villas-sidra-villas-i.html,"['Community Expert', 'Pool', 'Extended', 'Large Plot', 'Maids Room', 'Balcony', 'Private Pool', 'Shared Pool', 'Covered Parking', 'Built in Wardrobes', 'Shared Gym', 'Type E3 Extended', 'Private Overflow Pool', 'Upgraded Kitchen with German Appliances', 'Partial Green Belt', 'Upgraded Flooring', 'Maids Room with Own Entrance', 'BBQ Area', 'Shutters in Master Bedroom', 'Covered Electric Garage']"
Rasha,"7,500,000 AED",4,5,"4,354 sqft / 404 sqm",Villa,https://www.propertyfinder.ae/en/plp/buy/villa-for-sale-dubai-arabian-ranches-2-rasha-11763726.html,"['Maids Room', 'Balcony', 'Private Garden', 'Shared Pool', 'Built in Wardrobes', 'Shared Gym', 'Type 2, double height ceiling', '1-bedroom ensuite downstairs, and 3-bedrooms upstairs', '1 Loggias, 2 Balconies', 'Closed Kitchen', 'Living, dining, and family room upstairs', 'Built-in Store', 'Powder Room', 'Big garden', 'Best Location', 'Close to park', 'Close to entrance', 'Built-in Closets', 'Classic Design, white fitting', 'Vacant November 24']"
Lila,"6,600,000 AED",5,5,"3,839 sqft",Villa,https://www.propertyfinder.ae/en/plp/buy/villa-for-sale-dubai-arabian-ranches-2-lila-11742450.html,"['Maids Room', 'Private Garden', 'Shared Pool', 'Covered Parking', 'Built in Wardrobes', ""Children's Pool"", 'Community Expert | Well Maintained | Vacant', 'Big plot', 'Type 5', 'Best Location', 'Closed Kitchen', 'Built in Closet', 'Classic Design']"
"VILLA FOR SALE IN PORTOFINO, DAMAC LAGOONS","2,140,000 AED",4,5,"1,550 sqft / 144 sqm",Villa,https://www.propertyfinder.ae/en/buy/dubai/villas-for-sale-damac-lagoons-portofino.html,"['Central A/C', 'Balcony', 'Shared Pool', 'Security', 'Concierge', 'Covered Parking', 'Shared Gym', ""Children's Play Area"", 'Water Park', 'Regional Mall', 'Water cinema', 'Lagoons & Waterfalls', 'Sandy Beaches', 'Retail Outlets', 'Shopping Malls', 'Waterside Clubhouse', 'Cafes and Retail Promenade']"
"VILLA FOR SALE IN BUNGALOWS AREA, GREEN COMMUNITY WEST","5,850,000 AED",4,3,"4,347 sqft / 404 sqm",Villa,https://www.propertyfinder.ae/to/11729226/en,"['Maids Room', 'Central A/C', 'Balcony', 'Private Garden', 'Shared Pool', 'Security', 'Covered Parking', 'Built in Wardrobes', 'Walk-in Closet', 'Single Row', 'Quiet Location', 'Vacant on Transfer']"
Plagette 32,"11,500,000 AED",5,5,"5,263 sqft / 489 sqm",Villa,https://www.propertyfinder.ae/en/buy/dubai/villas-for-sale-tilal-al-ghaf-plagette-32.html,"['Maids Room', 'Central A/C', 'Balcony', 'Private Garden', 'Shared Pool', 'Security', 'Covered Parking', 'Built in Wardrobes', 'Shared Gym', 'Membership to Plagette Beach Club', 'Private Elevator', 'Double Height Ceilings', 'Exquisite Finishes Throughout', 'Anticipated Handover November 2026']"
"VILLA FOR SALE IN DISTRICT ONE WEST PHASE I, DISTRICT ONE","15,800,000 AED",5,7,"8,439 sqft / 784 sqm",Villa,https://www.propertyfinder.ae/en/buy/dubai/villas-for-sale-mohammed-bin-rashid-city-district-one-district-one-west-phase-i.html,"['Maids Room', 'Central A/C', 'Balcony', 'Shared Pool', 'Security', 'Covered Parking', 'Built in Wardrobes', 'Walk-in Closet', '5 En-suite bedrooms', 'Kitchen with appliances by Mele, built-in cabinetry, granite countertops', 'Laundry room', '2 Storage room', 'Maids room', 'Driver’s room', 'Private swimming pool', 'Lovely Private Gardens', '4 Covered parking spaces and 4 Outside', 'Direct Access to Community Park', 'Access to crystal Lagoon', 'Crystal Lagoon', 'Bicycle Track', 'Beachfront', 'Running Park', 'Kids Play Area', 'Parks', 'Nearby School', 'Supermarket', 'Nursery']"
Caya,"5,800,000 AED",4,5,"4,822 sqft / 448 sqm",Villa,https://www.propertyfinder.ae/en/buy/dubai/villas-for-sale-arabian-ranches-3-caya.html,"['Maids Room', 'Central A/C', 'Balcony', 'Private Garden', 'Shared Pool', 'Shared Spa', 'Security', 'Built in Wardrobes', 'Walk-in Closet', 'Kitchen Appliances', 'Shared Gym', ""Children's Pool"", ""Children's Play Area""]"
"VILLA FOR SALE IN THE PULSE BEACHFRONT, THE PULSE","3,500,000 AED",4,5,"3,298 sqft / 306 sqm",Villa,https://www.propertyfinder.ae/en/buy/dubai/villas-for-sale-dubai-south-dubai-world-central-the-pulse-the-pulse-beachfront-the-pulse,"['Maids Room', 'Study', 'Central A/C', 'Balcony', 'Private Garden', 'Shared Pool', 'Shared Spa', 'Security', 'Concierge', 'Maid Service', 'Covered Parking', 'Built in Wardrobes', 'Kitchen Appliances', 'Pets Allowed', 'Shared Gym', ""Children's Pool"", ""Children's Play Area"", 'Barbecue Area', 'Large Plot', 'Corner Unit', 'Post Handover PP', 'Rooftop Terrace', 'Beach Access', 'Space for Private Pool', 'Gated Community', 'Maid Room', 'Laundry Room', 'Gym', 'Swimming Pool', '24/7 Security']"
Sidra Villas III,"9,500,000 AED",4,4,"3,523 sqft",Villa,https://www.propertyfinder.ae/en/plp/buy/villa-for-sale-dubai-dubai-hills-estate-sidra-villas-sidra-villas-iii-11677570.html,"['Maids Room', 'Study', 'Central A/C', 'Balcony', 'Private Garden', 'Shared Pool', 'Security', 'Covered Parking', 'Built in Wardrobes', 'Walk-in Closet', 'Kitchen Appliances', 'View of Landmark', 'Pets Allowed', 'Shared Gym', ""Children's Play Area"", 'Barbecue Area', 'Large Corner Plot I Park Backing I Sidra 3', 'Corner Villa', 'Huge Plot', 'Backing the Park', '3,523 Sq.ft BUA', '6,085 Sq.ft PLOT', 'Extra features mentioned in the property description']"
"VILLA FOR SALE IN MEDITERRANEAN VILLAS, JUMEIRAH VILLAGE TRIANGLE","5,250,000 AED",2,3,"2,690 sqft",Villa,https://www.propertyfinder.ae/to/11714082/en,"['Fully Upgraded', 'District 9', 'Turn Key', 'Exclusive', 'Maids Room', 'Balcony', 'Private Garden', 'Private Pool', 'Security', 'Covered Parking', 'New Kitchen', 'Flooring and Bathrooms', 'Large Private Pool', '2 Bedroom Independent Villa', 'Mediterranean Style', 'BUA 2,690 sq.ft', 'Plot 7,000 sq.ft', 'Vacant Soon']"
"VILLA FOR SALE IN MEDITERRANEAN VILLAS, JUMEIRAH VILLAGE TRIANGLE","5,000,000 AED",2,3,"2,690 sqft",Villa,https://www.propertyfinder.ae/to/11723517/en,"['Maids Room', 'Study', 'Balcony', 'Private Garden', 'Covered Parking', 'Away from Cables', 'Corner Plot', 'District 8', 'Close to Park', 'Multiple Options Available', 'Community Specialist', 'Prime Location', 'Mediterranean Villa']"
"VILLA FOR SALE IN SPRINGS 9, THE SPRINGS","3,200,000 AED",2,3,"1,650 sqft / 153 sqm",Villa,https://www.propertyfinder.ae/to/11763998/en,"['Central A/C', 'Balcony', 'Shared Pool', 'Built in Wardrobes', ""Children's Play Area"", 'Exclusive Fully Upgraded Away from Road', 'Opposite communal park', 'Walking distance to the big lake', 'Quiet and peaceful location', 'Fully upgraded kitchen', 'Fully upgraded bathrooms', 'Upgraded flooring', 'Upgraded MEP', 'Open plan living space', 'Spacious garden', '4M', 'Study', 'BUA: Approximately 1650 sqft', 'Plot: Approximately 1900 sqft', 'Back-to-Back', 'High Yield', 'Tenanted']"
"VILLA FOR SALE IN REGIONAL, JUMEIRAH PARK","9,995,000 AED",5,5,"4,689 sqft / 436 sqm",Villa,https://www.propertyfinder.ae/to/11674585/en,"['LARGE PLOT', 'VACANT NOW', 'CALL EMMA TO VIEW']"
Rasha,"7,500,000 AED",4 Bedrooms,4 Bathrooms,"4,354 sqft / 404 sqm",Villa,https://www.propertyfinder.ae/to/11763726/en,"['Maids Room', 'Central A/C', 'Balcony', 'Private Garden', 'Shared Pool', 'Security', 'Built in Wardrobes', 'Walk-in Closet', 'Pets Allowed', 'Shared Gym', 'Exclusive | Double Height Ceiling | Type2']"
"VILLA FOR SALE IN MEDITERRANEAN VILLAS, JUMEIRAH VILLAGE TRIANGLE","4,900,000 AED",2,2,"2,690 sqft",Villa,https://www.propertyfinder.ae/to/11727673/en,"['Amenities: Central A/C, Private Garden, Shared Pool, Security, Covered Parking', 'Features: Exclusive with haus & haus, Mediterranean Style, Corner Plot, 2,690 sq.ft BUA, 7,306 sq.ft Plot, Currently Rented']"
"VILLA FOR SALE IN TILAL AL FURJAN, AL FURJAN","6,500,000 AED",4,5,"6,312 sqft",Villa,https://www.propertyfinder.ae/to/11718783/en,"['Central A/C', 'Private Garden', 'Built in Wardrobes', 'Kitchen Appliances', 'Barbecue Area', 'Luxury', 'Contemporary', 'Type 4B-D', 'Prime Location']"
VILLA FOR SALE IN JUMEIRAH PARK HOMES,"9,500,000 AED",5 Bedrooms + Maid,7 Bathrooms,"6,039 sqft / 561 sqm",Villa,https://www.propertyfinder.ae/to/11671146/en,"['Prime Location', 'Ensuite Bedrooms', 'Custom Built', 'Maids Room', 'Study', 'Balcony', 'Private Garden', 'Private Pool', 'Built in Wardrobes', 'Walk-in Closet', 'Kitchen Appliances']"
"VILLA FOR SALE IN NADD AL HAMMAR VILLAS, NADD AL HAMMAR","12,600,000 AED",6,6,"10,000 sqft / 929 sqm",Villa,https://www.propertyfinder.ae/to/11731226/en,"['Maids Room', 'Study', 'Balcony', 'Private Garden', 'Private Pool', 'Private Gym', 'Private Jacuzzi', 'Shared Pool', 'Shared Spa', 'Security', 'Concierge', 'Maid Service', 'Covered Parking', 'Built in Wardrobes', 'Walk-in Closet', 'Kitchen Appliances', 'View of Water', 'View of Landmark', 'Pets Allowed', 'Shared Gym', 'Lobby in Building', ""Children's Pool"", 'Barbecue Area', 'Vastu-compliant', 'Poggenpohl Kitchen', 'Elevator', 'Integral vacuum system', '2 downstairs guest suites', '4 upstairs bedroom suites', 'Vaulted ceiling to entrance', 'Gallery with glass balustrades', 'Electric gates and shaded parking', 'Engineered wooden flooring', 'Generous majlis']"
"VILLA FOR SALE IN NIMA, THE VALLEY","2,400,000 AED",3,4,"1,822 sqft / 169 sqm",Villa,https://www.propertyfinder.ae/en/buy/dubai/villas-for-sale-the-valley-nima.html,"['Built in Wardrobes', 'Kitchen Appliances', ""Children's Pool"", ""Children's Play Area"", 'Barbecue Area', 'Roof Terrace', 'Storage Room', 'Covered Parking']"
"VILLA FOR SALE IN MEDITERRANEAN VILLAS, JUMEIRAH VILLAGE TRIANGLE","4,950,000 AED",2 Bedrooms + Maid,2 Bathrooms,"2,690 sqft / 250 sqm",Villa,https://www.propertyfinder.ae/to/11623232/en,"['Maids Room', 'Study', 'Central A/C', 'Balcony', 'Private Garden', 'Private Pool', 'Security', 'Covered Parking', 'Built in Wardrobes', 'Large Corner Plot', 'Upgraded Kitchen and Bathrooms', 'Vacant on Transfer', 'Fully Landscaped Garden', 'Walking distance to Sunmarke School']"
"VILLA FOR SALE IN ARABIAN VILLAS, JUMEIRAH VILLAGE TRIANGLE","6,950,000 AED",5,5,"3,980 sqft / 370 sqm",Villa,https://www.propertyfinder.ae/to/11630864/en,"['Maids Room', 'Study', 'Balcony', 'Private Garden', 'Security', 'Covered Parking', '5 Bedroom Villa', '1 Bedroom Downstairs', 'Immaculate Condition', 'Central Location', 'Away from Wires', 'Vacant on Transfer', 'Close to Park', 'BUA 3,980 sq.ft approx', 'Plot 7,070 sq.ft', 'Spacious kitchen area', 'Large living and dining space', 'Ideally situated centrally', 'Close to the park']"
Arabian Villas,"6,950,000 AED",5,5,"7,070 sqft / 657 sqm",Villa,https://www.propertyfinder.ae/to/11593668/en,"['5 BEDROOM', 'EXTENDED', 'UPGARDED', 'VACANT', 'Independent Villa', 'Huge 7070 plot', 'Close to school', 'Close to park', 'Scope to Extend further', '5 Bedroom + Maid + Study', 'Well Maintained', 'Landscaped Garden', ""Ground floor with modern living area, upgraded kitchen, extended dining room, powder room & maid's room"", 'First floor with four double bedrooms, study, and huge outdoor terrace']"
Flora,"10,500,000 AED",5,7+,"5,500 sqft / 511 sqm",Villa,https://www.propertyfinder.ae/en/buy/dubai/villas-for-sale-damac-hills-flora.html,"['Maids Room', 'Study', 'Central A/C', 'Balcony', 'Private Garden', 'Private Pool', 'Private Gym', 'Shared Pool', 'Security', 'Covered Parking', 'Built in Wardrobes', 'Walk-in Closet', 'Kitchen Appliances', 'View of Water', 'View of Landmark', 'Pets Allowed', 'Shared Gym', ""Children's Pool"", ""Children's Play Area"", 'Barbecue Area']"
"VILLA FOR SALE IN THE CENTRO, THE VILLA","9,500,000 AED",6,6,"7,114 sqft / 661 sqm",Villa,https://www.propertyfinder.ae/en/buy/dubai/villas-for-sale-the-villa-the-centro.html,"['Maids Room', 'Central A/C', 'Balcony', 'Kitchen Appliances']"
"VILLA FOR SALE IN AL REEM 1, AL REEM","4,700,000 AED",3,3,"2,292 sqft / 213 sqm",Villa,https://www.propertyfinder.ae/to/11680886/en,"['Study', 'Central A/C', 'Balcony', 'Kitchen Appliances', 'Fully Upgraded', 'Renovated bathrooms', 'Hardwood flooring', 'Landscaped garden', 'Swimming Pool', 'Close to the lake', 'Vacant on Transfer']"
"VILLA FOR SALE IN SPRINGS 2, THE SPRINGS","5,050,000 AED",3,4,"2,693 sqft",Villa,https://www.propertyfinder.ae/en/buy/villa-for-sale-dubai-the-springs-springs-2-11606750.html,"['Maids Room', 'Study', 'Central A/C', 'Balcony', 'Private Garden', 'Shared Pool', 'Security', 'Covered Parking', 'Built in Wardrobes', 'Walk-in Closet', 'Kitchen Appliances', 'Pets Allowed']"
"VILLA FOR SALE IN GARDEN HALL, MEDITERRANEAN CLUSTERS","20,999,990 AED",4,5,"5,350 sqft / 497 sqm",Villa,https://www.propertyfinder.ae/to/11540032/en,"['Balcony', 'Built in Wardrobes', 'Kitchen Appliances', ""Children's Play Area"", 'Lake and Skyline View', 'Garden Area', 'Spacious', 'Large Terrace with Lake & Skyline View', 'Private Pool', 'Landscaped Garden', 'Covered parking Space', 'Well established Cluster in the secure and gated community']"
Luxury Villa | Type 1C | Handover Q4 2025,"9,000,000 AED",5 Bedrooms + Maid,6 Bathrooms,"7,372 sqft / 685 sqm",Villa,https://www.propertyfinder.ae/to/11710297/en,"['Maids Room', 'Central A/C', 'Balcony', 'Private Garden', 'Shared Pool', 'Security', 'Covered Parking', 'Kitchen Appliances', 'Pets Allowed', 'Shared Gym', ""Children's Play Area"", '5 Bedrooms + Maid', '6 Bathrooms', 'Large open living and dining area', 'Closed Kitchen', 'Maid Room with Washroom Attached', 'Powder Room', 'Covered Garage for 2 cars', 'Built Up Area: 4,748 sq ft', 'Plot Area: 7,372.31 sq ft', 'Handover Q4 2025', 'Swimming pools and a kidsʼ pool', 'Kidsʼ play area', 'Sports courts', 'Jebel Ali Recreation Club and Club House', 'Large community park', 'Close to The Winchester School', 'Direct access to Sheikh Zayed Road', 'Every home has a garden and low-level fencing, bringing openness and a sense of communal outdoor living. Within walking distance to grocery stores, restaurants, and boutiques.']"
"VILLA FOR SALE IN BUNGALOWS AREA, GREEN COMMUNITY WEST","4,950,000 AED",4,5,"4,347 sqft / 404 sqm",Villa,https://www.propertyfinder.ae/en/plp/buy/villa-for-sale-dubai-green-community-green-community-west-bungalows-area-11588310.html,"['Maids Room', 'Central A/C', 'Private Garden', 'Shared Pool', 'Security', 'Covered Parking', 'Built in Wardrobes', 'Walk-in Closet', 'Bungalow villa', '4 Bedroom All En-suite', 'BUA 4,347 sq.ft', 'Plot 9,269 sq.ft', 'Single Row', 'Cul De Sac Location', 'Established Community']"
Arabian Villas,"4,500,000 AED",2 Bedrooms + Maid,3 Bathrooms,"2,690 sqft / 250 sqm",Villa,https://www.propertyfinder.ae/to/11694435/en,"['Maids Room', 'Central A/C', 'Balcony', 'Private Garden', 'Security', 'Covered Parking', 'Built in Wardrobes', 'Scope to extend', 'Independent villa', 'Central location', 'BUA 2,690 sq.ft', 'Plot 7,300+ sq.ft', 'Away from cables', 'Close to park']"
"VILLA FOR SALE IN MEDITERRANEAN VILLAS, JUMEIRAH VILLAGE TRIANGLE","4,800,000 AED",2 Bedrooms + Maid,3 Bathrooms,"2,690 sqft / 250 sqm",Villa,https://www.propertyfinder.ae/to/11677484/en,"['Exclusive', 'Vacant on Transfer', 'Central Location', 'Maids Room', 'Central A/C', 'Balcony', 'Private Garden', 'Security', 'Covered Parking', 'Built in Wardrobes']"
"VILLA FOR SALE IN CLUSTER 30, JUMEIRAH ISLANDS","25,000,000 AED",4,5,"10,853 sqft / 1,008 sqm",Villa,https://www.propertyfinder.ae/to/11703619/en,"['Vacant', 'Unfurnished', 'Brand New', 'Central A/C', 'Balcony', 'Security', 'Concierge', 'Covered Parking', 'Built in Wardrobes', ""Children's Play Area"", 'Barbecue Area', 'Maids room', 'Private pool', 'BBQ area', 'Skyline views']"
"VILLA FOR SALE IN JOY, ARABIAN RANCHES 3","2,600,000 AED",3,4,"1,990 sqft / 185 sqm",Villa,https://www.propertyfinder.ae/en/buy/dubai/villas-for-sale-arabian-ranches-3-joy.html,"['Maids Room', 'Balcony', 'Shared Pool', 'Covered Parking', 'Built in Wardrobes', 'Shared Gym', '3 bedrooms + maids', 'Great Location', 'Handed over key in hand', 'Brand new', '2 Car Parking Space', 'Open Kitchen', 'Built in Closets', 'Exclusive to Jade and Co', 'Location: JOY, a gated community in Arabian Ranches III', 'Community amenities: Clubhouse, Splash Park, Outdoor Cinema, Badminton Courts, Adventure Park, Basketball Court', 'Jade Morris (BRN 27320) - contact for viewing schedules and queries']"
"VILLA FOR SALE IN MEADOWS 8, MEADOWS","8,600,000 AED",5,5,"3,805 sqft / 353 sqm",Villa,https://www.propertyfinder.ae/en/plp/buy/villa-for-sale-dubai-meadows-meadows-8-11681205.html,"['Maids Room', 'Central A/C', 'Balcony', 'Private Garden', 'Shared Pool', 'Security', 'Covered Parking', 'Built in Wardrobes', 'Walk-in Closet']"
"VILLA FOR SALE IN SPRINGS 5, THE SPRINGS","6,200,000 AED",3,4,"2,700 sqft / 251 sqm",Villa,https://www.propertyfinder.ae/to/11690463/en,"['Maids Room', 'Study', 'Central A/C', 'Balcony', 'Private Garden', 'Shared Pool', 'Security', 'Covered Parking', 'Built in Wardrobes', 'Walk-in Closet', 'Kitchen Appliances', 'Exclusive Type 2E', 'Additional family area upstairs', 'Plot: 4,228 sq.ft', 'Unique design', 'Open plan living', 'Fully upgraded + extended', 'Brand new AC units throughout', 'Beautifully located opposite the lake']"
"Villa for sale in Mira 3, Mira","2,950,000 AED",3,4,"2,615 sqft / 243 sqm",Villa,https://www.propertyfinder.ae/to/11730177/en,"SINGLE ROW, 1M, FACING POOL AND PARK"
Legacy Villa in Jumeirah Park,"6,350,000 AED",3,4,"3,063 sqft",Villa,https://www.propertyfinder.ae/en/plp/buy/villa-for-sale-dubai-jumeirah-park-legacy-11725340.html,"['Maids Room', 'Central A/C', 'Balcony', 'Private Garden', 'Security', 'Covered Parking', 'Built-in Wardrobes', 'Immaculate Condition', 'Next to School and Community Centre', 'District 5', 'Close to Community Park', 'Vacant on Transfer']"
"VILLA FOR SALE IN LEGACY NOVA VILLAS, JUMEIRAH PARK","6,400,000 AED",4 Bedrooms + Maid,4 Bathrooms,"4,154 sqft / 386 sqm",Villa,https://www.propertyfinder.ae/to/11678774/en,"['Maids Room', 'Study', 'Balcony', 'Private Garden', 'Concierge', 'Covered Parking', 'New Listing', 'Priced to Sell', 'Legacy Nova', 'Roof Terrace', 'Large open plan living area downstairs', '4 spacious bedrooms on the first floor', 'Rooftop terrace accessible from top floor', 'Spacious garden area']"
"VILLA FOR SALE IN HARMONY, TILAL AL GHAF","9,600,000 AED",5,6,"4,416 sqft / 410 sqm",Villa,https://www.propertyfinder.ae/en/buy/dubai/villas-for-sale-tilal-al-ghaf-harmony.html,"['Brand New', 'Ready', 'Fully Upgraded', '5BR', ""Magnificent peninsula kitchen that's ideal for cooking your dinners"", 'Fully Marble upgrades', 'Home automation', '5 Bedrooms + Garden Suite', 'Hallway', 'Laundry Room', 'Sitting Room', 'Family Room', ""Maid's Room"", 'Gigantic rear garden', 'Monumental deck', '2 car parking allocation', 'Garage', 'Community Swimming Pool', ""Children's Pool""]"
"VILLA FOR SALE IN GARDEN HALL, ISLAMIC CLUSTERS","25,000,000 AED",4,5,"5,447 sqft / 506 sqm",Villa,https://www.propertyfinder.ae/to/11698690/en,"['Fully upgraded', 'Lake views', 'Vacant', 'Custom', 'Maids Room', 'Balcony', 'Private Pool', 'Covered Parking', 'Built in Wardrobes', 'Walk-in Closet', 'Pets Allowed', 'Garden Hall', '4 Bedrooms', '5 Bathrooms', 'Maids quarters (Laundry room, front and back kitchen)', 'Miele appliances', 'Smart home', 'BUA: 5,447 sqft', 'Plot: 11,367 sqft', 'Sunken area', 'Fire place', 'Next to clubhouse', '24/7 Security', 'Beautiful neighbourhood with lakeside views', 'Easy access to swimming pools, jogging tracks, and manicured lawns', 'Close to the city center']"
"Villa for sale in Esmeralda, Victory Heights","23,000,000 AED",6,7,"8,184 sqft / 760 sqm",Villa,https://www.propertyfinder.ae/en/buy/dubai/villas-for-sale-dubai-sports-city-victory-heights-esmeralda.html,"['Maids Room', 'Study', 'Central A/C', 'Balcony', 'Private Garden', 'Shared Pool', 'Security', 'Covered Parking', 'Built in Wardrobes', 'Walk-in Closet', 'Kitchen Appliances', 'Pets Allowed', 'Shared Gym', 'Type A', 'Golf Course View', 'Huge Plot', 'Massive Potential', 'Vacant']"
